player_id,game_month,attempts,made_shots,actual_fg_pct,expected_fg_pct,actual_points,expected_points,points_above_expected,points_above_expected_per_100_shots,avg_expected_shot_value,avg_shot_value
2544,2025-03,99,43,0.43434343434343436,0.5114085298186931,91.0,109.22678495726358,-18.226784957263582,-18.41089389622584,1.1033008581541774,2.2222222222222223
2544,2025-04,98,53,0.5408163265306123,0.5039694867195392,118.0,109.93214132397169,8.067858676028315,8.232508853090117,1.1217565441221602,2.306122448979592
101108,2025-03,59,28,0.4745762711864407,0.40539137244509227,73.0,61.5982526214013,11.4017473785987,19.32499555694695,1.0440381800237508,2.6271186440677967
101108,2025-04,70,31,0.44285714285714284,0.39412644139038383,73.0,67.49502699408524,5.504973005914763,7.864247151306804,0.9642146713440748,2.5
200768,2025-04,6,2,0.3333333333333333,0.31027450969131737,5.0,5.188076729773885,-0.188076729773885,-3.1346121628980836,0.8646794549623141,2.8333333333333335
200782,2025-04,7,3,0.42857142857142855,0.31797664188642977,9.0,6.297512583623778,2.7024874163762225,38.60696309108889,0.8996446548033968,2.857142857142857
201142,2025-03,150,77,0.5133333333333333,0.4441202117310661,182.0,153.4714848312795,28.528515168720507,19.019010112480338,1.0231432322085299,2.3466666666666667
201143,2025-03,59,26,0.4406779661016949,0.4204288725263435,65.0,64.13142887747306,0.8685711225269412,1.4721544449609174,1.086973370804628,2.6610169491525424
201143,2025-04,27,12,0.4444444444444444,0.4282614681352024,31.0,29.46720541121276,1.5327945887872392,5.677016995508293,1.0913779781930653,2.6296296296296298
201144,2025-03,42,24,0.5714285714285714,0.43133308479348254,63.0,45.485339074148506,17.514660925851494,41.70157363297975,1.0829842636702025,2.5952380952380953
201144,2025-04,43,13,0.3023255813953488,0.413655069116459,34.0,46.05453833955726,-12.05453833955726,-28.033810091993626,1.0710357753385409,2.6511627906976742
201145,2025-03,4,3,0.75,0.4591947252694073,8.0,4.427626840293499,3.572373159706501,89.30932899266253,1.1069067100733747,2.5
201145,2025-04,24,11,0.4583333333333333,0.39327669638878193,29.0,25.664898836036823,3.3351011639631776,13.896254849846573,1.0693707848348677,2.7916666666666665
201566,2025-03,124,49,0.3951612903225806,0.4713649512179717,113.0,134.11433810661396,-21.11433810661396,-17.02769202146287,1.0815672427952738,2.370967741935484
201566,2025-04,84,34,0.40476190476190477,0.44921085470082306,74.0,85.6262698692075,-11.6262698692075,-13.84079746334226,1.0193603555858037,2.3333333333333335
201572,2025-03,86,51,0.5930232558139535,0.4599871245699244,114.0,90.74209007084495,23.257909929155044,27.04408131297098,1.0551405822191273,2.372093023255814
201572,2025-04,76,42,0.5526315789473685,0.5159008584690065,95.0,88.92855347962077,6.07144652037922,7.988745421551605,1.1701125457844839,2.3684210526315788
201587,2025-03,23,13,0.5652173913043478,0.415762921362339,37.0,25.90481849793546,11.095181502064541,48.23991957419366,1.1262964564319764,2.8260869565217392
201587,2025-04,18,11,0.6111111111111112,0.3537896580449633,32.0,18.72103646619116,13.278963533808843,73.77201963227135,1.0400575814550643,2.9444444444444446
201599,2025-03,19,14,0.7368421052631579,0.6947513912955496,28.0,26.400552869230886,1.5994471307691118,8.41814279352164,1.3895027825910993,2.0
201599,2025-04,15,8,0.5333333333333333,0.595528061204418,16.0,17.865841836132546,-1.8658418361325448,-12.438945574216966,1.1910561224088363,2.0
201935,2025-03,138,63,0.45652173913043476,0.4482936113645962,156.0,151.33843409781022,4.6615659021897775,3.3779463059346213,1.0966553195493494,2.536231884057971
201935,2025-04,117,60,0.5128205128205128,0.44457108371218085,138.0,120.37084719132496,17.629152808675038,15.067651973226528,1.0288106597549143,2.3846153846153846
201939,2025-03,89,35,0.39325842696629215,0.40602114936358374,89.0,92.51013238388163,-3.5101323838816247,-3.943968970653511,1.0394396897065352,2.640449438202247
201939,2025-04,161,77,0.4782608695652174,0.409251829383865,195.0,166.32241669358135,28.677583306418658,17.812163544359414,1.0330584887800083,2.6024844720496896
201942,2025-03,188,89,0.4734042553191489,0.4246830560912258,193.0,175.653980897558,17.346019102441982,9.226605905554246,0.9343296856253085,2.2393617021276597
201942,2025-04,135,58,0.42962962962962964,0.44765611797218285,122.0,130.85746281750454,-8.857462817504539,-6.56108356852188,0.9693145393889225,2.2222222222222223
201950,2025-03,90,44,0.4888888888888889,0.44731878224108057,106.0,96.29510665920499,9.704893340795008,10.783214823105565,1.069945629546722,2.466666666666667
201950,2025-04,31,12,0.3870967741935484,0.4706650492213382,29.0,33.64091411054286,-4.640914110542859,-14.970690679170511,1.0851907777594472,2.3870967741935485
201959,2025-03,8,5,0.625,0.5993312504032325,10.0,9.58930000645172,0.41069999354827913,5.133749919353489,1.198662500806465,2.0
201959,2025-04,17,8,0.47058823529411764,0.5810109075655037,16.0,19.754370857227123,-3.7543708572271237,-22.0845344542772,1.1620218151310073,2.0
201988,2025-03,5,4,0.8,0.33997653641231496,12.0,5.099648046184726,6.900351953815275,138.00703907630552,1.0199296092369452,3.0
201988,2025-04,6,3,0.5,0.35071944452561726,8.0,5.473046723166904,2.526953276833096,42.11588794721826,0.9121744538611507,2.6666666666666665
202066,2025-03,17,3,0.17647058823529413,0.39900262655159047,8.0,16.82678161975369,-8.826781619753689,-51.92224482208052,0.9898106835149229,2.5294117647058822
202066,2025-04,18,9,0.5,0.5311624116960576,19.0,21.790900310027414,-2.790900310027416,-15.505001722374534,1.2106055727793008,2.4444444444444446
202684,2025-03,6,4,0.6666666666666666,0.5135308729952133,8.0,6.162370475942559,1.8376295240574412,30.62715873429069,1.0270617459904265,2.0
202684,2025-04,12,4,0.3333333333333333,0.5498755266592594,8.0,13.197012639822226,-5.197012639822226,-43.308438665185214,1.0997510533185189,2.0
202685,2025-03,63,31,0.49206349206349204,0.4985793328029071,62.0,63.82001968065471,-1.8200196806547133,-2.8889201280233543,1.0130161854072177,2.0476190476190474
202685,2025-04,37,25,0.6756756756756757,0.5139798420442997,50.0,38.69222139096949,11.307778609030507,30.561563808190563,1.0457357132694458,2.054054054054054
202687,2025-03,20,11,0.55,0.582309110189934,22.0,23.29236440759736,-1.2923644075973597,-6.461822037986799,1.164618220379868,2.0
202687,2025-04,42,20,0.47619047619047616,0.5062571973021939,40.0,42.52560457338429,-2.5256045733842902,-6.013344222343548,1.012514394604388,2.0
202691,2025-03,104,38,0.36538461538461536,0.43835109561862756,94.0,113.4154775109758,-19.415477510975805,-18.668728375938272,1.0905334376055367,2.5576923076923075
202691,2025-04,40,17,0.425,0.3956994600851422,46.0,43.17652341081487,2.823476589185129,7.058691472962822,1.0794130852703718,2.75
202692,2025-03,43,20,0.46511627906976744,0.38816186883515175,58.0,48.16244527524715,9.837554724752845,22.878034243611268,1.1200568668662128,2.9302325581395348
202692,2025-04,51,23,0.45098039215686275,0.40035243868870163,62.0,55.36347354282499,6.636526457175009,13.012796974852957,1.0855583047612742,2.7450980392156863
202693,2025-03,24,7,0.2916666666666667,0.43472969358284885,16.0,24.826183783987,-8.826183783987,-36.7757657666125,1.0344243243327915,2.4583333333333335
202693,2025-04,10,5,0.5,0.40661573801608775,11.0,9.260429667282331,1.7395703327176695,17.395703327176694,0.926042966728233,2.3
202695,2025-03,142,79,0.5563380281690141,0.49274816845165914,177.0,154.68659963693196,22.31340036306805,15.713662227512712,1.0893422509643096,2.2746478873239435
202695,2025-04,117,63,0.5384615384615384,0.4755394100116563,142.0,123.28010312377315,18.71989687622685,15.99991186002295,1.0536760950749842,2.2735042735042734
202696,2025-03,118,58,0.4915254237288136,0.46077216926992404,136.0,124.3689925983176,11.6310074016824,9.856785933629151,1.0539745135450644,2.364406779661017
202696,2025-04,86,47,0.5465116279069767,0.5015931179636134,103.0,93.42791002485659,9.572089975143417,11.130337180399321,1.086371046800658,2.2209302325581395
202699,2025-03,65,30,0.46153846153846156,0.5078536526911639,66.0,73.79938742425618,-7.799387424256178,-11.999057575778735,1.1353751911424028,2.3230769230769233
202699,2025-04,30,18,0.6,0.43919539102468913,42.0,30.43602597032544,11.563974029674561,38.54658009891521,1.0145341990108478,2.3666666666666667
202709,2025-03,60,26,0.43333333333333335,0.41665938997503676,66.0,63.34300739311924,2.656992606880764,4.42832101146794,1.0557167898853206,2.6166666666666667
202709,2025-04,22,10,0.45454545454545453,0.382405046790816,27.0,23.29605384281104,3.7039461571889585,16.836118896313447,1.0589115383095928,2.8181818181818183
202710,2025-03,105,45,0.42857142857142855,0.482760435311528,97.0,111.63850603597531,-14.638506035975315,-13.941434319976489,1.0632238670092886,2.276190476190476
202710,2025-04,80,46,0.575,0.49040423581482423,99.0,83.40754717561185,15.592452824388145,19.490566030485184,1.0425943396951483,2.175
203076,2025-03,61,23,0.3770491803278688,0.4844404212916419,47.0,63.334501908461476,-16.334501908461476,-26.777871981084388,1.0382705230895324,2.19672131147541
203076,2025-04,73,37,0.5068493150684932,0.5120812504556665,78.0,80.77109951666037,-2.771099516660371,-3.796026735151193,1.1064534180364434,2.219178082191781
203078,2025-03,15,7,0.4666666666666667,0.42504943383333743,18.0,16.199975517532877,1.8000244824671232,12.000163216447488,1.0799983678355252,2.6
203078,2025-04,64,27,0.421875,0.429902312332985,64.0,66.17204626897502,-2.172046268975029,-3.3938222952734827,1.0339382229527347,2.484375
203081,2025-03,42,16,0.38095238095238093,0.41510925265372944,42.0,43.74607240487426,-1.7460724048742615,-4.157315249700623,1.0415731524970062,2.5952380952380953
203084,2025-03,85,38,0.4470588235294118,0.46210317759746256,94.0,99.41480752152398,-5.414807521523986,-6.370361790028219,1.1695859708414587,2.623529411764706
203084,2025-04,84,49,0.5833333333333334,0.4398672110413299,125.0,92.17877148958438,32.82122851041562,39.07289108382812,1.097366327256957,2.5952380952380953
203109,2025-03,2,0,0.0,0.3629012136604852,0.0,2.1774072819629113,-2.1774072819629113,-108.87036409814557,1.0887036409814557,3.0
203109,2025-04,3,1,0.3333333333333333,0.34267667421067866,3.0,2.3693380927991603,0.6306619072008394,21.02206357336131,0.7897793642663867,2.3333333333333335
203110,2025-03,79,35,0.4430379746835443,0.4403979939501294,83.0,86.73833310644848,-3.738333106448484,-4.732067223352511,1.0979535836259302,2.5822784810126582
203110,2025-04,60,23,0.38333333333333336,0.42851336127480816,57.0,62.561365153467285,-5.561365153467285,-9.268941922445476,1.0426894192244547,2.5166666666666666
203114,2025-03,40,14,0.35,0.3932491674475668,34.0,37.15970255831736,-3.15970255831736,-7.8992563957934,0.9289925639579341,2.4
203458,2025-03,9,5,0.5555555555555556,0.5245455018874137,11.0,10.086399298598387,0.9136007014016122,10.151118904462358,1.1207110331775985,2.2222222222222223
203458,2025-04,4,2,0.5,0.406622638340437,4.0,3.5778501321593166,0.4221498678406834,10.553746696017086,0.8944625330398291,2.25
203468,2025-03,108,43,0.39814814814814814,0.4098961405352947,101.0,106.83953001776284,-5.839530017762843,-5.406972238669299,0.9892549075718782,2.4722222222222223
203471,2025-03,75,26,0.3466666666666667,0.44499942786297436,60.0,77.10932690672063,-17.109326906720632,-22.81243587562751,1.028124358756275,2.3866666666666667
203471,2025-04,62,23,0.3709677419354839,0.45391450571808095,53.0,64.72214030659669,-11.722140306596687,-18.906677913865625,1.0439054888160755,2.370967741935484
203482,2025-03,61,34,0.5573770491803278,0.5112200399627707,73.0,66.24538771866231,6.754612281337682,11.073134887438822,1.0859899626010217,2.19672131147541
203482,2025-04,20,9,0.45,0.4995718955683593,20.0,21.430721938858916,-1.430721938858915,-7.153609694294574,1.0715360969429457,2.2
203484,2025-03,61,29,0.47540983606557374,0.42576715681397725,76.0,66.2121924576145,9.787807542385497,16.045586135058194,1.0854457779936804,2.639344262295082
203484,2025-04,28,17,0.6071428571428571,0.3869436005885995,45.0,29.037775207357868,15.96222479264213,57.00794568800761,1.037063400262781,2.75
203486,2025-03,8,4,0.5,0.60146167217518,8.0,9.62338675480288,-1.62338675480288,-20.292334435036,1.20292334435036,2.0
203486,2025-04,8,6,0.75,0.5361772455134323,12.0,8.888872405530327,3.111127594469673,38.88909493087091,1.1111090506912908,2.125
203497,2025-03,60,40,0.6666666666666666,0.7062517606394658,80.0,84.7502112767359,-4.7502112767358975,-7.91701879455983,1.4125035212789316,2.0
203497,2025-04,74,55,0.7432432432432432,0.7162493254962714,110.0,106.00490017344816,3.9950998265518427,5.398783549394382,1.4324986509925428,2.0
203500,2025-03,24,16,0.6666666666666666,0.6228605886986561,32.0,29.95287347336371,2.047126526636292,8.52969386098455,1.2480363947234878,2.0416666666666665
203500,2025-04,13,7,0.5384615384615384,0.6154751117658047,14.0,16.00235290591092,-2.0023529059109233,-15.402714660853256,1.2309502235316094,2.0
203501,2025-03,67,29,0.43283582089552236,0.4515416892379416,75.0,75.54592537889246,-0.545925378892459,-0.8148139983469537,1.1275511250580965,2.5970149253731343
203501,2025-04,74,31,0.4189189189189189,0.41326577543377024,82.0,80.43677146632864,1.5632285336713636,2.112470991447789,1.0869833981936303,2.7027027027027026
203507,2025-03,139,81,0.5827338129496403,0.573079799600639,163.0,161.601033869323,1.398966130676992,1.0064504537244547,1.1625973659663524,2.050359712230216
203507,2025-04,112,68,0.6071428571428571,0.597337664978733,141.0,138.05138508596278,2.9486149140372144,2.6326918875332272,1.232601652553239,2.107142857142857
203552,2025-03,54,23,0.42592592592592593,0.3813286847470433,56.0,49.5045536708433,6.4954463291566995,12.028604313253147,0.9167509939045055,2.4444444444444446
203552,2025-04,33,22,0.6666666666666666,0.41995014520320173,54.0,33.8224394943357,20.177560505664303,61.14412274443728,1.0249224089192635,2.515151515151515
203897,2025-03,129,64,0.49612403100775193,0.4431797737962602,153.0,136.19927754386538,16.800722456134636,13.02381585746871,1.05580835305322,2.4651162790697674
203897,2025-04,135,70,0.5185185185185185,0.4635523518661997,173.0,148.14645988070825,24.853540119291758,18.410029717993893,1.0973811843015426,2.4592592592592593
203901,2025-03,25,6,0.24,0.4558854152670102,12.0,22.794270763350514,-10.794270763350513,-43.17708305340205,0.9117708305340205,2.0
203901,2025-04,30,8,0.26666666666666666,0.422756766034385,17.0,27.05888154083254,-10.058881540832541,-33.52960513610847,0.9019627180277514,2.1666666666666665
203903,2025-03,41,18,0.43902439024390244,0.393085213052381,42.0,38.90508296793993,3.094917032060067,7.548578126975773,0.9489044626326812,2.4634146341463414
203914,2025-03,16,5,0.3125,0.4009814176373706,13.0,16.307153541761444,-3.307153541761445,-20.66970963600903,1.0191970963600903,2.6875
203914,2025-04,20,11,0.55,0.3713343808418156,31.0,20.01964196088026,10.98035803911974,54.9017901955987,1.000982098044013,2.75
203915,2025-03,108,53,0.49074074074074076,0.473572617343572,120.0,117.4734728138882,2.5265271861118013,2.3393770241775935,1.087717340869335,2.3796296296296298
203915,2025-04,46,15,0.32608695652173914,0.40742483624921394,37.0,45.79724796883964,-8.797247968839638,-19.124452106173127,0.9955923471486878,2.5
203926,2025-03,12,6,0.5,0.339934404622978,17.0,11.811114377232617,5.188885622767383,43.24071352306153,0.9842595314360514,2.9166666666666665
203926,2025-04,15,6,0.4,0.3797613791454632,18.0,16.061206653398962,1.9387933466010396,12.925288977340262,1.0707471102265975,2.8666666666666667
203932,2025-03,72,42,0.5833333333333334,0.4772447875362506,99.0,79.96359758230817,19.036402417691825,26.439447802349758,1.1106055219765023,2.4027777777777777
203932,2025-04,80,44,0.55,0.5156047901784712,96.0,92.11858227446142,3.8814177255385856,4.851772156923232,1.1514822784307677,2.325
203935,2025-03,29,10,0.3448275862068966,0.3891305057099869,25.0,27.269618766765543,-2.2696187667655434,-7.826271609536356,0.9403316816126049,2.4827586206896552
203935,2025-04,7,4,0.5714285714285714,0.4000322599031586,10.0,6.998790231131796,3.0012097688682045,42.87442526954578,0.9998271758759708,2.5714285714285716
203937,2025-03,39,22,0.5641025641025641,0.4847537194678989,47.0,40.636909323288606,6.363090676711396,16.31561711977281,1.041972033930477,2.2051282051282053
203937,2025-04,54,27,0.5,0.4968121529051696,55.0,55.282293899866126,-0.2822938998661292,-0.5227664812335725,1.023746183330854,2.0925925925925926
203939,2025-03,11,7,0.6363636363636364,0.7168261762361678,14.0,15.770175877195692,-1.7701758771956928,-16.092507974506297,1.4336523524723357,2.0
203939,2025-04,6,2,0.3333333333333333,0.49408376691478706,5.0,6.987122221867247,-1.9871222218672466,-33.118703697787446,1.1645203703112077,2.5
203944,2025-03,94,51,0.5425531914893617,0.5228598855860747,112.0,108.06462577011179,3.935374229888211,4.18656832966831,1.1496236784054445,2.276595744680851
203944,2025-04,96,49,0.5104166666666666,0.47409862530190977,116.0,105.5757187775366,10.42428122246341,10.858626273399386,1.0997470705993395,2.4166666666666665
203952,2025-03,91,48,0.5274725274725275,0.4606656764529251,112.0,96.97049721882064,15.029502781179357,16.515937122175117,1.0656098595474797,2.3846153846153846
203952,2025-04,23,9,0.391304347826087,0.4617042581059462,21.0,25.098922296127554,-4.0989222961275535,-17.8214012875111,1.0912574911359807,2.4347826086956523
203957,2025-03,3,1,0.3333333333333333,0.5663064107751844,2.0,3.3978384646511066,-1.3978384646511066,-46.59461548837022,1.1326128215503688,2.0
203957,2025-04,9,4,0.4444444444444444,0.3505164935644044,10.0,8.068594542291468,1.9314054577085333,21.460060641205924,0.896510504699052,2.6666666666666665
203967,2025-04,2,2,1.0,0.4727342273864297,4.0,1.8909369095457187,2.1090630904542813,105.45315452271407,0.9454684547728593,2.0
203992,2025-03,65,34,0.5230769230769231,0.42481849806093647,84.0,66.32678305510538,17.67321694489462,27.189564530607107,1.0204120470016211,2.476923076923077
203992,2025-04,54,27,0.5,0.4069753133572504,70.0,54.1447990894513,15.855200910548705,29.36148316768279,1.0026814646194684,2.537037037037037
203994,2025-03,62,29,0.46774193548387094,0.4827501400561172,65.0,64.1388485878934,0.8611514121065978,1.3889538904945127,1.0344975578692486,2.2096774193548385
203994,2025-04,70,39,0.5571428571428572,0.481502426843275,82.0,71.99691968319789,10.003080316802118,14.29011473828874,1.028527424045684,2.2
203999,2025-03,89,48,0.5393258426966292,0.5016006826120815,101.0,96.7949033140229,4.205096685977097,4.724827737052918,1.087583183303628,2.258426966292135
203999,2025-04,120,72,0.6,0.4966853773223248,161.0,132.27527654393907,28.724723456060936,23.937269546717445,1.1022939711994924,2.308333333333333
204001,2025-03,97,53,0.5463917525773195,0.47066776769884333,120.0,103.59486976757756,16.405130232422433,16.91250539424993,1.0679883481193564,2.350515463917526
204001,2025-04,42,18,0.42857142857142855,0.4101329027681171,48.0,43.33995962200587,4.660040377994125,11.095334233319345,1.0319038005239494,2.5952380952380953
204060,2025-03,3,0,0.0,0.36835347596463297,0.0,2.8694090346842676,-2.8694090346842676,-95.64696782280892,0.9564696782280891,2.6666666666666665
204456,2025-03,73,37,0.5068493150684932,0.4887873782733809,76.0,72.65154630243393,3.348453697566069,4.586922873378177,0.9952266616771771,2.0547945205479454
204456,2025-04,56,28,0.5,0.4954795645065304,56.0,56.544517315991186,-0.5445173159911816,-0.9723523499842528,1.0097235234998425,2.0535714285714284
1626145,2025-03,74,35,0.47297297297297297,0.40652524539749146,91.0,78.93333622050585,12.066663779494148,16.30630240472182,1.0666667056825114,2.675675675675676
1626145,2025-04,56,26,0.4642857142857143,0.39595065201552204,66.0,56.62594971150074,9.374050288499262,16.739375515177255,1.011177673419656,2.607142857142857
1626153,2025-03,16,8,0.5,0.5059498046267796,19.0,18.474151708616837,0.5258482913831612,3.2865518211447577,1.1546344817885523,2.4375
1626153,2025-04,30,13,0.43333333333333335,0.49548643083933114,30.0,35.35421949009249,-5.354219490092492,-17.84739830030831,1.178473983003083,2.5
1626156,2025-03,73,25,0.3424657534246575,0.3896364197463628,64.0,73.41587470819564,-9.415874708195641,-12.898458504377592,1.0056969138108993,2.643835616438356
1626156,2025-04,6,0,0.0,0.3782421333586022,0.0,6.0041293029750795,-6.0041293029750795,-100.06882171625134,1.0006882171625133,2.6666666666666665
1626157,2025-03,168,84,0.5,0.5244181147762464,187.0,191.77018679246174,-4.770186792461735,-2.8393969002748425,1.1414892070979865,2.255952380952381
1626157,2025-04,84,50,0.5952380952380952,0.5622864817789717,104.0,99.00588196828912,4.994118031710878,5.945378609179616,1.1786414520034418,2.1547619047619047
1626158,2025-03,19,10,0.5263157894736842,0.6001832347204449,20.0,22.806962919376907,-2.8069629193769092,-14.773489049352154,1.2003664694408898,2.0
1626158,2025-04,1,1,1.0,0.6350991187648692,2.0,1.2701982375297385,0.7298017624702615,72.98017624702615,1.2701982375297385,2.0
1626164,2025-03,154,70,0.45454545454545453,0.4494931811438423,156.0,159.5588850177537,-3.558885017753717,-2.3109642972426734,1.0360966559594398,2.3636363636363638
1626164,2025-04,139,69,0.49640287769784175,0.47622067133718865,146.0,145.19869895529956,0.8013010447004426,0.5764755717269371,1.0445949565129464,2.2517985611510793
1626166,2025-03,53,20,0.37735849056603776,0.40052283739383976,51.0,53.439340179797796,-2.4393401797977936,-4.602528641127913,1.0082894373546754,2.5849056603773586
1626166,2025-04,42,14,0.3333333333333333,0.423476131090669,34.0,41.68455137871339,-7.684551378713389,-18.296550901698545,0.9924893185407949,2.4285714285714284
1626167,2025-03,89,46,0.5168539325842697,0.46009376080735753,112.0,99.12159419784336,12.878405802156633,14.470118878827678,1.113725777503858,2.5280898876404496
1626167,2025-04,69,34,0.4927536231884058,0.44568816302880754,81.0,75.16562573611425,5.834374263885749,8.455614875196737,1.0893568947262935,2.536231884057971
1626168,2025-03,52,23,0.4423076923076923,0.4324429228283601,56.0,56.119927608245085,-0.11992760824508508,-0.23063001585593287,1.0792293770816364,2.5961538461538463
1626168,2025-04,46,23,0.5,0.437382794404766,56.0,50.06086549361348,5.939134506386523,12.911161970405486,1.0882796846437712,2.5869565217391304
1626171,2025-04,38,19,0.5,0.4451100906184336,43.0,38.712829141594,4.287170858405999,11.28202857475263,1.0187586616208948,2.3421052631578947
1626172,2025-03,18,11,0.6111111111111112,0.6024874996780123,23.0,21.997107970226832,1.0028920297731678,5.57162238762871,1.2220615539014907,2.0555555555555554
1626172,2025-04,19,10,0.5263157894736842,0.5177062138434426,21.0,20.02350666910417,0.9764933308958321,5.139438583662274,1.0538687720581141,2.0526315789473686
1626179,2025-03,25,7,0.28,0.37643111525049483,18.0,24.389964311539007,-6.389964311539009,-25.559857246156035,0.9755985724615602,2.64
1626179,2025-04,14,2,0.14285714285714285,0.4587213327984516,4.0,15.30771419785572,-11.30771419785572,-80.76938712754085,1.0934081569896943,2.5
1626181,2025-03,98,45,0.45918367346938777,0.4626866705410232,108.0,106.12963468966272,1.8703653103372857,1.908536030956414,1.0829554560169665,2.4183673469387754
1626181,2025-04,78,32,0.41025641025641024,0.4357704303092872,74.0,79.39296815862458,-5.392968158624588,-6.914061741826395,1.0178585661362125,2.3974358974358974
1626192,2025-03,15,7,0.4666666666666667,0.52590715074839,14.0,16.758210198982084,-2.758210198982086,-18.388067993213905,1.1172140132654722,2.2
1626192,2025-04,46,26,0.5652173913043478,0.5588160337082622,58.0,56.642651561527536,1.3573484384724621,2.950757474940135,1.23136199046799,2.347826086956522
1626220,2025-03,61,28,0.45901639344262296,0.3793015180346226,80.0,65.43410478470874,14.565895215291267,23.878516746379123,1.0726902423722744,2.8524590163934427
1626220,2025-04,47,14,0.2978723404255319,0.38275004811467583,38.0,50.48347190506638,-12.483471905066377,-26.56057852141782,1.0741164235120506,2.851063829787234
1627732,2025-03,24,8,0.3333333333333333,0.5280432731158134,16.0,25.346077109559047,-9.346077109559047,-38.941987956496035,1.056086546231627,2.0
1627732,2025-04,5,1,0.2,0.5077201518339061,2.0,5.077201518339061,-3.0772015183390615,-61.544030366781236,1.0154403036678121,2.0
1627734,2025-03,79,40,0.5063291139240507,0.5086926782980037,81.0,84.09271319035487,-3.0927131903548797,-3.914826823234025,1.0644647239285427,2.1392405063291138
1627734,2025-04,92,57,0.6195652173913043,0.588390808990126,121.0,112.71614403315661,8.28385596684339,9.004191268308032,1.2251754786212674,2.141304347826087
1627736,2025-03,102,41,0.4019607843137255,0.39749934225766786,113.0,107.44433002567592,5.555669974324074,5.4467352689451705,1.0533757845654503,2.696078431372549
1627736,2025-04,104,39,0.375,0.4126705105294363,105.0,113.25189263109725,-8.25189263109725,-7.934512145285819,1.0889605060682428,2.7211538461538463
1627739,2025-03,51,20,0.39215686274509803,0.45440448695956576,51.0,57.60617932078186,-6.606179320781864,-12.953292785846793,1.1295329278584678,2.588235294117647
1627739,2025-04,37,21,0.5675675675675675,0.4379124818508543,53.0,40.134807344315064,12.865192655684936,34.77079096131064,1.084724522819326,2.5405405405405403
1627741,2025-03,62,30,0.4838709677419355,0.4047238954724548,78.0,65.74697990268173,12.25302009731827,19.76293564083592,1.0604351597206731,2.693548387096774
1627741,2025-04,72,27,0.375,0.3834489307196843,74.0,75.49407227267398,-1.4940722726739701,-2.0751003787138473,1.0485287815649162,2.7777777777777777
1627747,2025-03,61,25,0.4098360655737705,0.4746602532793,58.0,69.55455486499919,-11.554554864999183,-18.941893221310135,1.140238604344249,2.5081967213114753
1627747,2025-04,78,37,0.47435897435897434,0.5053018790691848,85.0,90.34008363016899,-5.3400836301689925,-6.846261064319221,1.158206200386782,2.3974358974358974
1627750,2025-03,107,55,0.514018691588785,0.4387374901908029,127.0,108.49889057027139,18.50110942972861,17.29075647638188,1.0140083230866486,2.383177570093458
1627750,2025-04,28,11,0.39285714285714285,0.4545919999157587,24.0,28.45577153034245,-4.4557715303424485,-15.91346975122303,1.0162775546550875,2.2857142857142856
1627751,2025-03,49,39,0.7959183673469388,0.5254190450668299,79.0,51.83004675041181,27.16995324958819,55.448884182833034,1.0577560561308532,2.020408163265306
1627751,2025-04,19,10,0.5263157894736842,0.5387385996134084,20.0,20.47206678530952,-0.4720667853095182,-2.4845620279448326,1.0774771992268168,2.0
1627752,2025-03,53,27,0.5094339622641509,0.41330056959122713,68.0,56.231345557347886,11.768654442652117,22.205008382362486,1.0609687841009035,2.6226415094339623
1627752,2025-04,48,23,0.4791666666666667,0.4788064252243798,58.0,58.20484178309148,-0.20484178309148038,-0.42675371477391744,1.2126008704810725,2.6458333333333335
1627759,2025-03,40,20,0.5,0.42085573002817506,47.0,40.66044283292096,6.3395571670790405,15.848892917697603,1.0165110708230238,2.475
1627759,2025-04,53,27,0.5094339622641509,0.4830976411113026,61.0,57.19828894605687,3.8017110539431322,7.173039724421004,1.079212998982205,2.30188679245283
1627777,2025-03,67,32,0.47761194029850745,0.41113709542843385,87.0,73.34254183689809,13.657458163101907,20.384265915077474,1.0946648035357924,2.7313432835820897
1627777,2025-04,62,24,0.3870967741935484,0.4189521006120739,64.0,68.57574925169737,-4.575749251697377,-7.380240728544156,1.1060604718015705,2.7096774193548385
1627780,2025-03,37,25,0.6756756756756757,0.5087570771646085,58.0,43.11356823406011,14.886431765939886,40.2335993674051,1.1652315738935166,2.3783783783783785
1627780,2025-04,21,9,0.42857142857142855,0.4523623591341831,20.0,21.453529536930905,-1.4535295369309065,-6.921569223480508,1.0215966446157574,2.3333333333333335
1627783,2025-03,148,73,0.49324324324324326,0.5104030434689986,156.0,164.52126650688572,-8.521266506885723,-5.757612504652516,1.1116301791005792,2.2432432432432434
1627783,2025-04,60,30,0.5,0.5047055150612871,65.0,64.82354548508033,0.176454514919676,0.29409085819946,1.0803924247513388,2.183333333333333
1627814,2025-03,8,3,0.375,0.4596777673324661,7.0,8.407075585130785,-1.4070755851307855,-17.588444814134817,1.0508844481413482,2.375
1627814,2025-04,13,6,0.46153846153846156,0.34644813949667547,14.0,11.125932346182744,2.874067653817257,22.108212721671208,0.8558409497063649,2.5384615384615383
1627824,2025-03,74,36,0.4864864864864865,0.49920951271463326,84.0,86.44376691521298,-2.443766915212973,-3.3023877232607743,1.168159012367743,2.4594594594594597
1627824,2025-04,30,16,0.5333333333333333,0.49421599598886046,36.0,34.184007661556414,1.8159923384435874,6.053307794811958,1.1394669220518805,2.433333333333333
1627826,2025-03,113,70,0.6194690265486725,0.6082447951601687,140.0,137.46332370619814,2.536676293801872,2.2448462777007716,1.2164895903203374,2.0
1627826,2025-04,89,62,0.6966292134831461,0.5713413905174847,124.0,101.69876751211227,22.301232487887724,25.057564593132277,1.1426827810349693,2.0
1627827,2025-03,71,34,0.4788732394366197,0.41860458260230476,94.0,79.86785538315758,14.13214461684243,19.90442903780624,1.1248993715937687,2.7746478873239435
1627827,2025-04,40,19,0.475,0.39886143633275317,54.0,44.86370296104543,9.136297038954563,22.840742597386406,1.1215925740261359,2.875
1627832,2025-03,125,44,0.352,0.3970086843877089,117.0,127.30206676652551,-10.30206676652551,-8.241653413220408,1.018416534132204,2.632
1627832,2025-04,30,11,0.36666666666666664,0.3917181120600517,29.0,30.73987747147371,-1.7398774714737129,-5.799591571579043,1.024662582382457,2.6666666666666665
1627884,2025-03,60,32,0.5333333333333333,0.5211837585389525,74.0,73.27483022501907,0.72516977498093,1.2086162916348835,1.2212471704169845,2.466666666666667
1627884,2025-04,46,24,0.5217391304347826,0.5147026171918294,53.0,55.03111297323532,-2.0311129732353153,-4.415462985294163,1.1963285428964199,2.4347826086956523
1627936,2025-03,47,23,0.48936170212765956,0.4925805872859876,54.0,54.47262805760424,-0.47262805760423965,-1.005591611923914,1.1589920863320051,2.4680851063829787
1627936,2025-04,30,13,0.43333333333333335,0.4941597433252519,30.0,34.007325138104385,-4.007325138104385,-13.357750460347948,1.1335775046034795,2.4
1628365,2025-03,30,13,0.43333333333333335,0.4233163708097724,29.0,26.789291702160813,2.2107082978391874,7.369027659463959,0.8929763900720271,2.1333333333333333
1628365,2025-04,9,3,0.3333333333333333,0.3983738838432529,6.0,7.1707299091785535,-1.1707299091785532,-13.008110101983924,0.7967477676865059,2.0
1628369,2025-03,150,66,0.44,0.44880585497396824,151.0,157.70919930661657,-6.7091993066165765,-4.472799537744384,1.0513946620441104,2.433333333333333
1628369,2025-04,74,30,0.40540540540540543,0.4273103327818065,70.0,76.69433322980193,-6.694333229801929,-9.046396256489093,1.036409908510837,2.5135135135135136
1628370,2025-03,117,53,0.452991452991453,0.4324018204812554,123.0,118.39393550153262,4.6060644984673695,3.936807263647325,1.011913978645578,2.4188034188034186
1628370,2025-04,36,13,0.3611111111111111,0.45560667111547165,31.0,39.67540693105383,-8.675406931053825,-24.098352586260624,1.1020946369737175,2.5277777777777777
1628371,2025-03,19,6,0.3157894736842105,0.47248557149123277,13.0,20.394109085823715,-7.394109085823715,-38.9163636095985,1.0733741624117745,2.3684210526315788
1628371,2025-04,26,13,0.5,0.512942780590163,27.0,28.683012168470608,-1.6830121684706092,-6.473123724886959,1.103192775710408,2.230769230769231
1628374,2025-03,42,17,0.40476190476190477,0.4002801943418968,43.0,43.66207959916791,-0.6620795991679069,-1.576379998018826,1.0395733237897122,2.642857142857143
1628378,2025-03,155,58,0.3741935483870968,0.4430800169888637,131.0,162.07534168293998,-31.075341682939964,-20.048607537380622,1.045647365696387,2.4387096774193546
1628378,2025-04,52,25,0.4807692307692308,0.48473548936220084,60.0,58.56633136561676,1.433668634383234,2.757055066121604,1.1262756031849377,2.4615384615384617
1628379,2025-03,54,24,0.4444444444444444,0.4419359538919727,55.0,57.86813760661458,-2.8681376066145843,-5.311365938175157,1.07163217790027,2.5
1628379,2025-04,21,8,0.38095238095238093,0.37640156328238156,20.0,20.722699052979284,-0.7226990529792825,-3.4414240618061074,0.9867951929990135,2.6666666666666665
1628380,2025-03,41,24,0.5853658536585366,0.5194598540904725,50.0,46.4447091520423,3.555290847957698,8.671441092579752,1.1327977841961536,2.268292682926829
1628380,2025-04,37,17,0.4594594594594595,0.4594559038904946,38.0,38.4804448157683,-0.4804448157683062,-1.2984995020765033,1.040012022047792,2.3513513513513513
1628384,2025-03,152,76,0.5,0.5354692286690593,175.0,184.6192822992206,-9.619282299220599,-6.328475196855657,1.2146005414422407,2.3815789473684212
1628384,2025-04,98,49,0.5,0.5483766243215331,115.0,124.1565742061299,-9.1565742061299,-9.34344306747949,1.266903818429897,2.438775510204082
1628386,2025-03,86,64,0.7441860465116279,0.614284837861561,128.0,105.9716877442599,22.0283122557401,25.614316576441976,1.232228927258836,2.011627906976744
1628386,2025-04,41,29,0.7073170731707317,0.7211904744376454,58.0,59.42680103687034,-1.4268010368703345,-3.4800025289520358,1.4494341716309838,2.024390243902439
1628389,2025-03,141,66,0.46808510638297873,0.4659534491118714,146.0,141.85890388723575,4.141096112764248,2.9369475977051405,1.00609151693075,2.2127659574468086
1628389,2025-04,93,45,0.4838709677419355,0.4745017741199027,103.0,96.85668406032559,6.143315939674409,6.605716064166031,1.0414697210787698,2.247311827956989
1628392,2025-03,75,44,0.5866666666666667,0.5709734940715232,88.0,86.74874733332044,1.2512526666795658,1.6683368889060877,1.1566499644442725,2.04
1628392,2025-04,26,18,0.6923076923076923,0.5387279021696296,36.0,28.362536960264677,7.637463039735325,29.374857845135864,1.090866806164026,2.0384615384615383
1628396,2025-03,18,14,0.7777777777777778,0.568747052836164,29.0,21.557107640531125,7.4428923594688765,41.34940199704931,1.197617091140618,2.1666666666666665
1628396,2025-04,24,12,0.5,0.5929868953487956,24.0,28.463370976742187,-4.463370976742187,-18.597379069759114,1.1859737906975911,2.0
1628398,2025-03,123,53,0.43089430894308944,0.456600866236357,121.0,131.2552145627782,-10.25521456277821,-8.337572815266837,1.0671155655510423,2.4146341463414633
1628398,2025-04,82,45,0.5487804878048781,0.49820906124687103,106.0,95.46573192206228,10.534268077937725,12.846668387728933,1.164216242951979,2.4390243902439024
1628401,2025-03,103,39,0.3786407766990291,0.39196112202945893,103.0,110.0769807102042,-7.076980710204199,-6.870855058450679,1.0687085505845069,2.7766990291262137
1628401,2025-04,58,29,0.5,0.41913930189748316,76.0,64.95183218232796,11.048167817672041,19.04856520288283,1.1198591755573786,2.7413793103448274
1628404,2025-03,74,34,0.4594594594594595,0.5292980113365482,76.0,87.60824916624645,-11.608249166246457,-15.686823197630348,1.1838952590033305,2.364864864864865
1628404,2025-04,60,27,0.45,0.5286500389539736,61.0,70.6725775499867,-9.672577549986697,-16.12096258331116,1.1778762924997783,2.3333333333333335
1628415,2025-03,116,51,0.4396551724137931,0.4343703871206492,128.0,124.72398116644882,3.276018833551174,2.8241541668544605,1.0752067341935243,2.5517241379310347
1628415,2025-04,38,22,0.5789473684210527,0.4268500247309874,52.0,39.33797725236936,12.662022747630635,33.32111249376483,1.0352099276939306,2.473684210526316
1628418,2025-03,46,21,0.45652173913043476,0.47297115910359483,48.0,51.906899839460024,-3.9068998394600243,-8.49326052056527,1.128410866075218,2.5217391304347827
1628418,2025-04,31,15,0.4838709677419355,0.46963688482680666,34.0,35.332574708100246,-1.3325747081002457,-4.298628090645954,1.1397604744548466,2.5483870967741935
1628420,2025-03,14,8,0.5714285714285714,0.41917664590088266,22.0,14.41849756852642,7.58150243147358,54.15358879623986,1.0298926834661728,2.5714285714285716
1628420,2025-04,10,6,0.6,0.3678306117837559,15.0,9.069545836778905,5.930454163221094,59.30454163221094,0.9069545836778905,2.5
1628427,2025-03,12,3,0.25,0.4053449993272406,7.0,12.059174905028353,-5.059174905028353,-42.159790875236276,1.0049312420856962,2.5833333333333335
1628427,2025-04,7,3,0.42857142857142855,0.31275277030830656,8.0,6.171761745781595,1.8282382542184055,26.11768934597722,0.8816802493973707,2.857142857142857
1628436,2025-03,40,29,0.725,0.6367805678013362,58.0,51.28930308648316,6.710696913516843,16.776742283792107,1.282232577162079,2.025
1628436,2025-04,52,33,0.6346153846153846,0.6121360241104385,66.0,64.0217978642544,1.978202135745601,3.804234876433848,1.2311884204664307,2.019230769230769
1628470,2025-03,6,3,0.5,0.3503185239217936,8.0,5.89005964345725,2.10994035654275,35.165672609045835,0.981676607242875,2.8333333333333335
1628470,2025-04,17,3,0.17647058823529413,0.43189509106325136,7.0,18.606680487093826,-11.606680487093827,-68.27459110055193,1.094510616887872,2.6470588235294117
1628960,2025-03,14,4,0.2857142857142857,0.45915904662927465,11.0,16.532254568919047,-5.532254568919047,-39.51610406370748,1.1808753263513605,2.7142857142857144
1628960,2025-04,73,34,0.4657534246575342,0.42439821836312486,85.0,77.3118607717425,7.6881392282575,10.531697572955478,1.059066585914281,2.589041095890411
1628963,2025-03,7,2,0.2857142857142857,0.4568661457306361,4.0,7.07528622545698,-3.075286225456981,-43.932660363671154,1.010755175065283,2.2857142857142856
1628963,2025-04,19,11,0.5789473684210527,0.6305145655278007,22.0,24.95296378285169,-2.952963782851691,-15.541914646587848,1.3133138833079836,2.1578947368421053
1628964,2025-03,7,4,0.5714285714285714,0.5320942076031597,8.0,8.152536980152664,-0.15253698015266415,-2.179099716466631,1.1646481400218092,2.2857142857142856
1628969,2025-03,148,78,0.527027027027027,0.48143676441566685,173.0,159.418655594243,13.581344405756996,9.176584057943916,1.0771530783394798,2.310810810810811
1628969,2025-04,87,45,0.5172413793103449,0.5013264705282804,100.0,97.18189147600934,2.818108523990663,3.239205199989268,1.1170332353564292,2.2988505747126435
1628970,2025-03,143,55,0.38461538461538464,0.46024854463831844,125.0,154.8385095442624,-29.838509544262383,-20.866090590393274,1.082786780029807,2.4545454545454546
1628970,2025-04,56,21,0.375,0.4519513797602745,48.0,59.05633444928875,-11.056334449288752,-19.743454373729914,1.0545774008801563,2.4285714285714284
1628971,2025-03,67,31,0.4626865671641791,0.4613658393773106,73.0,70.06031378753978,2.939686212460214,4.387591361880916,1.045676325187161,2.343283582089552
1628971,2025-04,40,18,0.45,0.456772928040308,38.0,38.24433185020952,-0.24433185020951753,-0.6108296255237938,0.956108296255238,2.125
1628973,2025-04,62,27,0.43548387096774194,0.4278755436895998,66.0,64.6963243485752,1.3036756514247916,2.1027026635883734,1.0434891023963742,2.5161290322580645
1628975,2025-03,15,7,0.4666666666666667,0.3696333573151233,19.0,14.869749443775206,4.130250556224795,27.535003708165302,0.9913166295850137,2.7333333333333334
1628975,2025-04,34,9,0.2647058823529412,0.4183879680989826,23.0,37.195422241328515,-14.195422241328512,-41.751241886260324,1.0939830070978975,2.7058823529411766
1628976,2025-03,82,37,0.45121951219512196,0.4735493414887852,84.0,89.00246424264947,-5.002464242649462,-6.100566149572514,1.0853959053981643,2.3780487804878048
1628976,2025-04,36,19,0.5277777777777778,0.5073396966834455,40.0,40.06688652958685,-0.06688652958685593,-0.18579591551904423,1.1129690702663015,2.2777777777777777
1628978,2025-03,81,35,0.43209876543209874,0.42721627418964353,91.0,88.3469142684653,2.6530857315346994,3.275414483376172,1.090702645289695,2.6666666666666665
1628978,2025-04,57,27,0.47368421052631576,0.4234246624949869,72.0,63.35167507591748,8.648324924082525,15.172499866811448,1.1114328960687276,2.719298245614035
1628983,2025-03,185,92,0.4972972972972973,0.5052732282804994,199.0,199.89691495246075,-0.8969149524607465,-0.48481889322202515,1.0805238646078958,2.1945945945945944
1628983,2025-04,97,46,0.4742268041237113,0.4831288884707425,102.0,103.87544882730666,-1.8754488273066479,-1.933452399285204,1.0708809157454295,2.2783505154639174
1628988,2025-03,31,15,0.4838709677419355,0.34814048977578327,41.0,29.943759759341265,11.056240240658735,35.66529109889915,0.9659277341722989,2.806451612903226
1628988,2025-04,32,15,0.46875,0.35843634476104536,41.0,30.445741420410464,10.554258579589538,32.98205806121731,0.951429419387827,2.71875
1628989,2025-03,98,47,0.47959183673469385,0.46136645502118306,115.0,112.61078969747928,2.3892103025207296,2.4379696964497244,1.149089690790605,2.5918367346938775
1628989,2025-04,63,33,0.5238095238095238,0.4577733938734591,84.0,71.89673664347721,12.103263356522792,19.211529137337767,1.1412180419599558,2.6031746031746033
1628991,2025-03,143,69,0.4825174825174825,0.45052940333495317,160.0,145.55648098147998,14.44351901852001,10.100362950013993,1.0178774893809788,2.3146853146853146
1628991,2025-04,99,40,0.40404040404040403,0.4334955579300628,93.0,100.8917760836725,-7.891776083672491,-7.971490993608576,1.0191088493300253,2.404040404040404
1628995,2025-03,4,3,0.75,0.7925140978650975,6.0,6.34011278292078,-0.34011278292077973,-8.502819573019494,1.585028195730195,2.0
1628995,2025-04,8,4,0.5,0.41646226964697536,9.0,8.002990894054404,0.9970091059455968,12.46261382431996,1.0003738617568005,2.5
1628997,2025-03,18,8,0.4444444444444444,0.5090316958806042,17.0,19.018439506575877,-2.0184395065758776,-11.21355281431043,1.0565799725875487,2.111111111111111
1628997,2025-04,38,14,0.3684210526315789,0.4583960553487736,31.0,38.129608697490056,-7.129608697490055,-18.76212815128962,1.0034107551971068,2.236842105263158
1628998,2025-03,38,15,0.39473684210526316,0.43592457356097514,33.0,40.588623413756736,-7.588623413756737,-19.97006161514931,1.068121668783072,2.5526315789473686
1628998,2025-04,19,5,0.2631578947368421,0.4109734107519132,10.0,17.692903856713734,-7.692903856713734,-40.48896766691439,0.9312054661428281,2.3157894736842106
1629003,2025-03,25,11,0.44,0.49260342435268223,23.0,26.369986625676443,-3.369986625676442,-13.47994650270577,1.0547994650270578,2.2
1629003,2025-04,17,6,0.35294117647058826,0.4208675499856374,13.0,15.603200296089993,-2.603200296089993,-15.31294291817643,0.9178353115347054,2.235294117647059
1629004,2025-03,26,5,0.19230769230769232,0.4020545956347978,13.0,27.10264447713597,-14.102644477135971,-54.24094029667681,1.042409402966768,2.6538461538461537
1629004,2025-04,44,23,0.5227272727272727,0.39044066119635945,59.0,43.673166119656415,15.326833880343589,34.83371336441724,0.9925719572649185,2.6136363636363638
1629006,2025-03,6,1,0.16666666666666666,0.44284560242596926,2.0,6.333553515342135,-4.333553515342135,-72.22589192236893,1.0555922525570225,2.5
1629006,2025-04,39,14,0.358974358974359,0.38985421047771457,35.0,38.75527759802833,-3.7552775980283304,-9.62891691802136,0.993725066616111,2.6153846153846154
1629008,2025-03,118,57,0.4830508474576271,0.46290338234126255,137.0,131.10337092504412,5.89662907495587,4.997143283860907,1.1110455163139332,2.5084745762711864
1629008,2025-04,63,32,0.5079365079365079,0.4725318796388429,75.0,71.91128803452656,3.088711965473434,4.902717405513387,1.1414490164210567,2.507936507936508
1629011,2025-03,22,15,0.6818181818181818,0.6590746496505137,30.0,28.9992845846226,1.000715415377398,4.548706433533627,1.3181492993010273,2.0
1629011,2025-04,18,11,0.6111111111111112,0.7266341195138898,22.0,26.158828302500034,-4.158828302500032,-23.104601680555735,1.4532682390277796,2.0
1629012,2025-03,113,56,0.49557522123893805,0.441469652374859,124.0,110.12649281575733,13.873507184242671,12.27743998605546,0.9745707328828083,2.247787610619469
1629012,2025-04,59,31,0.5254237288135594,0.449479294465213,68.0,57.96181058860408,10.038189411395923,17.013880358298174,0.9824035692983742,2.23728813559322
1629013,2025-03,55,21,0.38181818181818183,0.3919795021098027,55.0,57.072275259706316,-2.0722752597063194,-3.7677731994660353,1.0376777319946604,2.709090909090909
1629013,2025-04,68,33,0.4852941176470588,0.400399821245018,93.0,75.20659121745466,17.793408782545345,26.166777621390214,1.1059792826096273,2.823529411764706
1629014,2025-03,118,46,0.3898305084745763,0.42359809691003314,113.0,124.52104710616109,-11.521047106161086,-9.763599242509395,1.0552631110691617,2.5677966101694913
1629018,2025-03,97,40,0.41237113402061853,0.39338846458785326,109.0,102.53955911025906,6.460440889740938,6.660248339939111,1.0571088568067946,2.7216494845360826
1629018,2025-04,65,27,0.4153846153846154,0.4164732900287616,72.0,71.1514679687573,0.8485320312427027,1.3054338942195427,1.0946379687501124,2.6923076923076925
1629020,2025-03,34,15,0.4411764705882353,0.6068855007521445,31.0,43.85897401835036,-12.858974018350361,-37.82051181867753,1.2899698240691282,2.2058823529411766
1629020,2025-04,20,10,0.5,0.6253177634597008,20.0,25.37747276169556,-5.377472761695562,-26.88736380847781,1.268873638084778,2.05
1629022,2025-03,29,15,0.5172413793103449,0.4626481858056996,36.0,32.21494367455805,3.785056325441949,13.051918363592927,1.1108601267088982,2.5172413793103448
1629022,2025-04,103,46,0.44660194174757284,0.41912205794375507,115.0,109.10778615996254,5.89221384003746,5.7205959612014174,1.059298894756918,2.6116504854368934
1629023,2025-03,85,48,0.5647058823529412,0.4888633764182391,107.0,93.31399366223638,13.686006337763622,16.10118392678073,1.0978116901439574,2.3176470588235296
1629023,2025-04,34,17,0.5,0.4890011865741999,40.0,38.56516730393046,1.434832696069543,4.22009616491042,1.13426962658619,2.411764705882353
1629026,2025-03,56,28,0.5,0.45472484937298313,69.0,60.438816018616386,8.561183981383614,15.287828538185025,1.079264571761007,2.4642857142857144
1629026,2025-04,58,27,0.46551724137931033,0.47958770891780195,60.0,63.893121369289474,-3.8931213692894717,-6.712278222912882,1.1016055408498184,2.396551724137931
1629027,2025-03,137,63,0.45985401459854014,0.44103431970678764,152.0,141.3533332536103,10.646666746389721,7.771289595904907,1.0317761551358415,2.423357664233577
1629027,2025-04,128,55,0.4296875,0.43533858424718064,134.0,133.62736103763402,0.37263896236598626,0.29112418934842677,1.0439637581065158,2.484375
1629029,2025-03,179,75,0.41899441340782123,0.4208469071397565,184.0,181.79170382468757,2.2082961753124337,1.2336850141410245,1.0155961107524445,2.4916201117318435
1629029,2025-04,120,63,0.525,0.44418313367227674,150.0,126.1479508724666,23.85204912753341,19.87670760627784,1.0512329239372216,2.441666666666667
1629048,2025-03,27,15,0.5555555555555556,0.5108885906917919,30.0,28.021174192777952,1.9788258072220495,7.328984471192776,1.0378212663991835,2.074074074074074
1629048,2025-04,22,11,0.5,0.5895362707708427,22.0,26.93049364418775,-4.930493644187747,-22.41133474630794,1.2241133474630794,2.1363636363636362
1629052,2025-03,39,19,0.48717948717948717,0.4888973213068739,44.0,44.563977977435584,-0.5639779774355866,-1.4460973780399657,1.1426661019855278,2.4615384615384617
1629056,2025-04,2,0,0.0,0.3505373431384682,0.0,1.7206168601699594,-1.7206168601699594,-86.03084300849797,0.8603084300849797,2.5
1629060,2025-03,33,16,0.48484848484848486,0.4332569004929626,41.0,36.311961463353995,4.6880385366460064,14.206177383775778,1.1003624685864848,2.6363636363636362
1629060,2025-04,43,24,0.5581395348837209,0.49436665160272447,57.0,50.66528620574378,6.334713794256215,14.731892544781896,1.1782624699010182,2.488372093023256
1629098,2025-04,4,0,0.0,0.4263868976115114,0.0,4.454718476859293,-4.454718476859293,-111.36796192148233,1.1136796192148233,2.75
1629111,2025-03,21,16,0.7619047619047619,0.5367581045265888,34.0,23.894584573182335,10.105415426817666,48.12102584198888,1.1378373606277303,2.1904761904761907
1629111,2025-04,22,15,0.6818181818181818,0.4886477337129318,33.0,23.545515609342797,9.454484390657202,42.97492904844182,1.0702507095155818,2.272727272727273
1629130,2025-03,41,18,0.43902439024390244,0.42697501494839485,47.0,45.46372190411644,1.5362780958835565,3.747019746057455,1.1088712659540596,2.731707317073171
1629130,2025-04,53,25,0.4716981132075472,0.4237321601229245,69.0,60.11917358861001,8.880826411389986,16.75627624790563,1.1343240299737738,2.7735849056603774
1629162,2025-03,8,5,0.625,0.4311400371545227,14.0,9.117439735170517,4.882560264829483,61.03200331036853,1.1396799668963147,2.75
1629162,2025-04,15,6,0.4,0.38837351991474695,15.0,15.537199386516361,-0.5371993865163616,-3.5813292434424104,1.035813292434424,2.7333333333333334
1629216,2025-03,74,34,0.4594594594594595,0.39326788353461894,96.0,80.57070608410002,15.429293915899969,20.850397183648607,1.088793325460811,2.810810810810811
1629216,2025-04,31,10,0.3225806451612903,0.39511185359053863,27.0,34.75013093587967,-7.750130935879669,-25.000422373805385,1.1209719656735377,2.870967741935484
1629234,2025-03,3,2,0.6666666666666666,0.4590113457604885,4.0,2.754068074562931,1.2459319254370689,41.53106418123563,0.918022691520977,2.0
1629234,2025-04,17,10,0.5882352941176471,0.5706731592290059,20.0,19.4028874137862,0.5971125862138013,3.5124269777282424,1.1413463184580117,2.0
1629312,2025-03,44,17,0.38636363636363635,0.4390281235909567,43.0,47.89774909887049,-4.8977490988704915,-11.13124795197839,1.0885852067925113,2.590909090909091
1629312,2025-04,49,21,0.42857142857142855,0.4458264053917138,53.0,55.73371691077075,-2.7337169107707537,-5.579014103613783,1.1374227940973622,2.6530612244897958
1629599,2025-03,39,16,0.41025641025641024,0.4738345028835802,38.0,43.260830734791725,-5.260830734791727,-13.489309576389044,1.1092520701228648,2.4358974358974357
1629610,2025-03,91,40,0.43956043956043955,0.4700874766069591,101.0,103.07429382118525,-2.074293821185249,-2.27944375954423,1.1326845474855523,2.5164835164835164
1629610,2025-04,46,18,0.391304347826087,0.41041553162439864,44.0,47.93230979068216,-3.9323097906821625,-8.548499544961222,1.042006734580047,2.608695652173913
1629611,2025-03,65,37,0.5692307692307692,0.4798290234011812,84.0,72.78591918520091,11.214080814799086,17.252432022767824,1.119783372080014,2.4153846153846152
1629611,2025-04,59,29,0.4915254237288136,0.49612018246139183,64.0,66.22963342366278,-2.2296334236627717,-3.779039701123342,1.1225361597230978,2.3389830508474576
1629614,2025-03,92,41,0.44565217391304346,0.4581252590873118,93.0,97.00100832484732,-4.001008324847318,-4.348922092225345,1.0543587861396448,2.380434782608696
1629614,2025-04,52,20,0.38461538461538464,0.4425505120448888,42.0,52.53212989532399,-10.532129895323992,-20.254095952546137,1.010233267217769,2.3461538461538463
1629618,2025-03,29,10,0.3448275862068966,0.3919340118577591,27.0,28.19361133962821,-1.1936113396282093,-4.115901171131756,0.9721934944699382,2.5517241379310347
1629618,2025-04,47,21,0.44680851063829785,0.41109520407832967,53.0,49.042911013851416,3.957088986148583,8.41933826840124,1.0434661917840726,2.595744680851064
1629622,2025-03,65,35,0.5384615384615384,0.45225043084592004,88.0,74.97267186129231,13.02732813870769,20.042043290319523,1.1534257209429586,2.6615384615384614
1629622,2025-04,38,18,0.47368421052631576,0.41813103922310774,49.0,43.63620959274654,5.363790407253464,14.115237913824904,1.1483213050722774,2.8421052631578947
1629626,2025-03,10,8,0.8,0.47962750549911914,19.0,11.46960638927314,7.5303936107268585,75.30393610726858,1.1469606389273141,2.5
1629627,2025-03,49,29,0.5918367346938775,0.6294958935631952,58.0,61.69059756919313,-3.6905975691931268,-7.531831773863525,1.2589917871263905,2.0
1629628,2025-03,66,32,0.48484848484848486,0.5122248689372308,71.0,75.32205009081893,-4.322050090818936,-6.548560743665055,1.1412431831942262,2.3181818181818183
1629628,2025-04,45,17,0.37777777777777777,0.466520140040676,37.0,47.8749744416824,-10.874974441682399,-24.16660987040533,1.0638883209262755,2.3555555555555556
1629629,2025-03,8,1,0.125,0.3764293885051795,2.0,6.520203262825881,-4.520203262825881,-56.502540785323504,0.8150254078532351,2.25
1629630,2025-03,65,36,0.5538461538461539,0.49297940845928795,76.0,69.80904679767424,6.190953202325764,9.524543388193482,1.0739853353488344,2.246153846153846
1629630,2025-04,113,56,0.49557522123893805,0.4686447751252161,131.0,121.97388973537845,9.02611026462155,7.987708198780133,1.0794149534104287,2.4070796460176993
1629631,2025-03,94,45,0.4787234042553192,0.4458568649713271,108.0,102.07029052478136,5.929709475218641,6.3082015693815325,1.0858541545189506,2.5319148936170213
1629631,2025-04,70,33,0.4714285714285714,0.45436563912636607,80.0,76.56249575509041,3.4375042449095945,4.910720349870849,1.0937499393584345,2.5
1629632,2025-03,156,77,0.4935897435897436,0.48116371115479223,181.0,174.0264624273017,6.973537572698293,4.470216392755315,1.115554246328857,2.423076923076923
1629632,2025-04,79,43,0.5443037974683544,0.5051352877174868,98.0,90.63236647903337,7.367633520966633,9.326118380970422,1.1472451453042198,2.3797468354430378
1629634,2025-03,23,17,0.7391304347826086,0.5677187705333508,34.0,26.115063444534137,7.884936555465864,34.282332849851585,1.1354375410667017,2.0
1629636,2025-03,141,60,0.425531914893617,0.4296170849096703,141.0,143.58841378857835,-2.5884137885783614,-1.8357544599846534,1.0183575445998465,2.4326241134751774
1629636,2025-04,78,38,0.48717948717948717,0.45268624514503825,89.0,83.40357024704018,5.596429752959821,7.174909939692078,1.0692765416287202,2.448717948717949
1629637,2025-03,54,42,0.7777777777777778,0.6912968787444534,84.0,74.97736701493105,9.022632985068958,16.70857960197955,1.3884697595357602,2.0185185185185186
1629637,2025-04,22,14,0.6363636363636364,0.6431903770546451,28.0,28.300376590404387,-0.30037659040438636,-1.3653481382017563,1.2863807541092902,2.0
1629638,2025-03,60,24,0.4,0.4771701342840217,56.0,68.43834853266748,-12.438348532667476,-20.730580887779126,1.1406391422111246,2.5
1629638,2025-04,56,25,0.44642857142857145,0.43270430505265933,62.0,62.230367584587654,-0.23036758458765383,-0.4113706867636675,1.1112565640104939,2.6607142857142856
1629639,2025-03,158,84,0.5316455696202531,0.4544402214759894,190.0,163.3721051558119,26.627894844188084,16.853098002650686,1.0340006655431133,2.348101265822785
1629639,2025-04,91,47,0.5164835164835165,0.48547494535852753,106.0,98.79377173780944,7.206228262190568,7.918932156253372,1.0856458432726313,2.2967032967032965
1629640,2025-03,112,52,0.4642857142857143,0.5258152647639537,117.0,132.22857791201608,-15.228577912016064,-13.596944564300056,1.180612302785858,2.3392857142857144
1629640,2025-04,67,31,0.4626865671641791,0.5068836924705039,65.0,75.36856970296316,-10.368569702963153,-15.475477168601723,1.1249040254173606,2.298507462686567
1629643,2025-03,33,18,0.5454545454545454,0.4853717313761896,46.0,40.0663261125606,5.933673887439401,17.980829961937577,1.2141310943200183,2.6666666666666665
1629643,2025-04,7,2,0.2857142857142857,0.4244284437318625,5.0,8.176200455119005,-3.1762004551190044,-45.374292215985776,1.168028636445572,2.857142857142857
1629645,2025-03,74,32,0.43243243243243246,0.4366738532906189,74.0,74.18139323942926,-0.18139323942925079,-0.24512599922871728,1.0024512599922872,2.364864864864865
1629645,2025-04,78,41,0.5256410256410257,0.5135890526100039,90.0,87.47271414450206,2.5272858554979405,3.240110071151206,1.1214450531346418,2.2564102564102564
1629646,2025-04,1,0,0.0,0.5805599983883504,0.0,1.1611199967767007,-1.1611199967767007,-116.11199967767007,1.1611199967767007,2.0
1629651,2025-03,64,36,0.5625,0.5712567442002523,74.0,74.17191715792941,-0.17191715792941376,-0.268620559264709,1.158936205592647,2.046875
1629651,2025-04,29,23,0.7931034482758621,0.569529115278322,48.0,33.74230386034345,14.257696139656552,49.164469447091555,1.1635277193221878,2.0689655172413794
1629652,2025-03,47,27,0.574468085106383,0.4376209955291604,72.0,53.869750975511096,18.130249024488904,38.574997924444475,1.1461649143725765,2.702127659574468
1629652,2025-04,36,15,0.4166666666666667,0.40423964984751004,42.0,39.62847238925225,2.371527610747744,6.58757669652151,1.1007908997014515,2.7777777777777777
1629655,2025-03,9,7,0.7777777777777778,0.7595704738103364,14.0,13.672268528586056,0.3277314714139439,3.6414607934882652,1.5191409476206728,2.0
1629655,2025-04,32,23,0.71875,0.6288692088599739,46.0,40.24762936703833,5.752370632961673,17.97615822800523,1.2577384177199478,2.0
1629656,2025-03,135,64,0.4740740740740741,0.484554274908597,155.0,155.26514401929808,-0.26514401929806874,-0.19640297725782868,1.1501121779207264,2.4814814814814814
1629656,2025-04,108,43,0.39814814814814814,0.47683597444175363,103.0,122.79969719801744,-19.79969719801744,-18.33305296112726,1.1370342333149763,2.5
1629659,2025-03,14,6,0.42857142857142855,0.3845186410671589,13.0,12.381570641615847,0.6184293583841534,4.41735255988681,0.8843979029725605,2.357142857142857
1629659,2025-04,58,29,0.5,0.5397376417535112,63.0,70.46569102854572,-7.4656910285457245,-12.871881083699524,1.2149257073887194,2.3793103448275863
1629660,2025-03,70,38,0.5428571428571428,0.39832552327470927,87.0,65.69062061957774,21.309379380422257,30.441970543460368,0.9384374374225392,2.414285714285714
1629660,2025-04,40,25,0.625,0.4389353656258426,58.0,40.19346405972813,17.806535940271875,44.516339850679685,1.0048366014932033,2.35
1629661,2025-03,92,42,0.45652173913043476,0.45065894287579505,97.0,99.21920875224602,-2.219208752246023,-2.412183426354373,1.0784696603505002,2.489130434782609
1629673,2025-03,122,60,0.4918032786885246,0.41426666935008455,155.0,129.79424817403657,25.205751825963418,20.660452316363457,1.0638872801150538,2.680327868852459
1629673,2025-04,42,21,0.5,0.4321663936070805,49.0,44.437632314181926,4.562367685818074,10.862780204328748,1.0580388646233791,2.5476190476190474
1629674,2025-03,10,6,0.6,0.6187860003326437,12.0,12.375720006652875,-0.3757200066528741,-3.757200066528741,1.2375720006652875,2.0
1629674,2025-04,21,15,0.7142857142857143,0.6056361623673013,30.0,25.43671881942666,4.563281180573343,21.729910383682586,1.211272324734603,2.0
1629675,2025-03,82,35,0.4268292682926829,0.44626310378940454,86.0,89.55060841549422,-3.550608415494227,-4.330010262797837,1.0920805904328563,2.548780487804878
1629675,2025-04,60,28,0.4666666666666667,0.47358760305274755,62.0,66.84591008607784,-4.845910086077833,-8.076516810129721,1.1140985014346305,2.45
1629680,2025-03,37,18,0.4864864864864865,0.4206054487872723,46.0,39.33077680062066,6.66922319937934,18.02492756589011,1.0629939675843423,2.6216216216216215
1629680,2025-04,51,24,0.47058823529411764,0.42983108878286774,59.0,53.08346460290405,5.916535397095949,11.60104979822735,1.0408522471157657,2.4901960784313726
1629723,2025-03,14,7,0.5,0.3644581500971625,19.0,13.250978999667767,5.749021000332233,41.06443571665881,0.9464984999762691,2.642857142857143
1629723,2025-04,5,4,0.8,0.48039135652957654,10.0,5.766078562183958,4.233921437816043,84.67842875632086,1.1532157124367917,2.6
1629726,2025-03,6,2,0.3333333333333333,0.36919845700479104,6.0,6.645572226086239,-0.6455722260862387,-10.75953710143731,1.107595371014373,3.0
1629726,2025-04,9,4,0.4444444444444444,0.377355658039824,11.0,9.376730420483478,1.6232695795165226,18.036328661294696,1.0418589356092753,2.7777777777777777
1629731,2025-03,41,18,0.43902439024390244,0.39474192650852746,49.0,44.783982106377096,4.216017893622901,10.282970472250978,1.0922922464970024,2.8292682926829267
1629731,2025-04,16,7,0.4375,0.4385161017895557,20.0,18.698415982862098,1.3015840171379027,8.134900107111893,1.1686509989288811,2.75
1629750,2025-03,25,8,0.32,0.4396583736367283,20.0,26.772402658591854,-6.772402658591854,-27.089610634367418,1.0708961063436742,2.56
1629750,2025-04,26,7,0.2692307692307692,0.4813654798770636,14.0,29.517513237094885,-15.517513237094887,-59.68274321959572,1.1352889706574956,2.5
1630162,2025-03,159,69,0.4339622641509434,0.46650537820437366,163.0,178.19480158708654,-15.194801587086534,-9.556478985589015,1.1207220225602927,2.509433962264151
1630162,2025-04,149,76,0.5100671140939598,0.45118321347219603,185.0,165.42351298543863,19.576487014561366,13.13858188896736,1.11022491936536,2.5704697986577183
1630163,2025-03,86,39,0.45348837209302323,0.4320694093470918,97.0,89.351420208857,7.648579791143,8.893697431561627,1.0389700024285697,2.5
1630166,2025-03,122,63,0.5163934426229508,0.4880893874607591,152.0,140.34748120017704,11.652518799822953,9.551244917887667,1.1503891901653855,2.459016393442623
1630166,2025-04,66,33,0.5,0.5295054761306754,73.0,77.65478832995065,-4.654788329950649,-7.052709590834317,1.1765877019689492,2.3181818181818183
1630167,2025-03,102,59,0.5784313725490197,0.46487898718905535,147.0,115.77098396039656,31.229016039603433,30.616682391768073,1.1350096466705546,2.5784313725490198
1630167,2025-04,61,26,0.4262295081967213,0.47505426488141533,62.0,70.41500540456764,-8.415005404567644,-13.795090827160072,1.1543443508945515,2.5245901639344264
1630168,2025-03,88,50,0.5681818181818182,0.5364616528561428,111.0,103.74557721007452,7.254422789925479,8.243662261278953,1.1789270137508467,2.284090909090909
1630168,2025-04,76,41,0.5394736842105263,0.5342259170864342,90.0,90.71537921314676,-0.715379213146766,-0.941288438351008,1.1936234106992996,2.3421052631578947
1630169,2025-03,114,57,0.5,0.4553998798308377,136.0,124.97703892007252,11.02296107992748,9.669264105199545,1.0962898150883553,2.508771929824561
1630169,2025-04,63,32,0.5079365079365079,0.4366244633348279,78.0,68.09149065839172,9.908509341608275,15.72779260572742,1.0808173120379638,2.5714285714285716
1630170,2025-03,143,69,0.4825174825174825,0.443069761570095,172.0,155.00905313725013,16.99094686274987,11.881781022902006,1.0839793925681827,2.5244755244755246
1630170,2025-04,64,28,0.4375,0.4264439114532118,70.0,68.82258401354353,1.1774159864564595,1.839712478838218,1.0753528752116177,2.59375
1630171,2025-03,40,21,0.525,0.46482837717209674,51.0,45.908637220538466,5.0913627794615355,12.72840694865384,1.1477159305134617,2.6
1630171,2025-04,44,23,0.5227272727272727,0.5472143601353339,53.0,55.96939322026289,-2.969393220262888,-6.748620955142927,1.2720316640968838,2.4545454545454546
1630172,2025-03,64,28,0.4375,0.42929174416562615,68.0,67.45137860934737,0.5486213906526272,0.85722092289473,1.0539277907710527,2.546875
1630172,2025-04,54,27,0.5,0.4681889305824987,65.0,60.46189672564868,4.53810327435132,8.403894952502444,1.1196647541786793,2.5185185185185186
1630173,2025-03,32,19,0.59375,0.5654802463452623,38.0,36.87298357953726,1.1270164204627355,3.5219263139460484,1.1522807368605394,2.0625
1630173,2025-04,64,25,0.390625,0.5471283197238623,51.0,71.29648071121596,-20.29648071121596,-31.713251111274936,1.1140075111127494,2.0625
1630174,2025-03,100,55,0.55,0.46388432962490467,137.0,113.18794059299638,23.812059407003616,23.812059407003616,1.131879405929964,2.53
1630174,2025-04,56,29,0.5178571428571429,0.468252012004952,71.0,62.808703172653146,8.19129682734685,14.627315763119375,1.121583985225949,2.482142857142857
1630175,2025-03,1,0,0.0,0.4068045724888079,0.0,0.8136091449776158,-0.8136091449776158,-81.36091449776158,0.8136091449776158,2.0
1630175,2025-04,35,15,0.42857142857142855,0.37733980651424404,39.0,34.338685572469025,4.661314427530972,13.318041221517063,0.9811053020705436,2.657142857142857
1630182,2025-03,57,28,0.49122807017543857,0.4319759734055537,71.0,62.115759861443394,8.884240138556606,15.586386207994046,1.0897501730077788,2.6140350877192984
1630182,2025-04,4,1,0.25,0.3990988243640568,3.0,3.9166660492358116,-0.9166660492358116,-22.91665123089529,0.9791665123089529,2.5
1630183,2025-03,70,37,0.5285714285714286,0.5055005496346021,84.0,78.53058476295088,5.469415237049117,7.813450338641596,1.121865496613584,2.3
1630183,2025-04,67,27,0.40298507462686567,0.47861688205430725,56.0,71.24465817526193,-15.244658175261932,-22.75322115710736,1.0633531070934616,2.283582089552239
1630188,2025-03,25,12,0.48,0.4569144030140584,26.0,27.431106655341736,-1.4311066553417369,-5.7244266213669475,1.0972442662136694,2.52
1630188,2025-04,27,12,0.4444444444444444,0.5270511177733335,26.0,31.696163686115547,-5.696163686115547,-21.096902541168692,1.17393198837465,2.3333333333333335
1630191,2025-03,34,25,0.7352941176470589,0.5781600440853287,52.0,39.98652143926474,12.013478560735255,35.33376047275075,1.1760741599783748,2.0588235294117645
1630191,2025-04,18,9,0.5,0.42484488009028504,21.0,17.85475296682968,3.145247033170321,17.47359462872401,0.9919307203794266,2.4444444444444446
1630192,2025-03,30,13,0.43333333333333335,0.49251095805870354,30.0,33.375361345227766,-3.375361345227766,-11.251204484092554,1.1125120448409256,2.3666666666666667
1630192,2025-04,7,2,0.2857142857142857,0.46159193289612854,5.0,7.931513928881806,-2.9315139288818055,-41.87877041259722,1.1330734184116866,2.5714285714285716
1630193,2025-03,75,30,0.4,0.4062317120239033,75.0,74.64491868459488,0.35508131540511023,0.47344175387348025,0.9952655824612652,2.52
1630193,2025-04,36,15,0.4166666666666667,0.41582636849455007,37.0,37.39299280829719,-0.3929928082971905,-1.0916466897144181,1.0386942446749219,2.5555555555555554
1630194,2025-03,9,3,0.3333333333333333,0.3762301993539033,8.0,8.083126192453388,-0.08312619245338948,-0.9236243605932164,0.898125132494821,2.4444444444444446
1630194,2025-04,21,9,0.42857142857142855,0.4976291678990547,18.0,21.925620750121357,-3.925620750121357,-18.693432143435032,1.0440771785772074,2.142857142857143
1630198,2025-03,91,46,0.5054945054945055,0.39784772288100645,128.0,99.74115430857242,28.258845691427574,31.053676583986345,1.096056640753543,2.802197802197802
1630198,2025-04,50,22,0.44,0.3968662316657669,61.0,55.17431564673919,5.825684353260811,11.651368706521621,1.1034863129347838,2.84
1630200,2025-03,40,27,0.675,0.5083652074792564,58.0,42.84890835212374,15.151091647876257,37.87772911969064,1.0712227088030937,2.15
1630202,2025-03,93,39,0.41935483870967744,0.38847678677605296,104.0,96.5720395525546,7.427960447445393,7.9870542445649395,1.0384090274468236,2.752688172043011
1630202,2025-04,91,49,0.5384615384615384,0.4438122544317132,115.0,97.87722335966389,17.122776640336117,18.816238066303427,1.0755738830732295,2.5164835164835164
1630205,2025-03,15,7,0.4666666666666667,0.4283214084022776,15.0,14.632470501193648,0.367529498806353,2.45019665870902,0.9754980334129099,2.3333333333333335
1630205,2025-04,28,15,0.5357142857142857,0.46596754140660407,33.0,29.43999170941188,3.5600082905881165,12.714315323528988,1.0514282753361386,2.392857142857143
1630208,2025-03,53,30,0.5660377358490566,0.5669285345508781,60.0,60.09442466239308,-0.09442466239307779,-0.17815974036429771,1.1338570691017562,2.0
1630208,2025-04,18,10,0.5555555555555556,0.5875508775161244,20.0,21.151831590580482,-1.1518315905804832,-6.399064392113796,1.175101755032249,2.0
1630214,2025-03,5,0,0.0,0.345158743301864,0.0,5.177381149527961,-5.177381149527961,-103.54762299055922,1.0354762299055922,3.0
1630214,2025-04,2,1,0.5,0.4616542192722043,2.0,1.8466168770888172,0.15338312291118306,7.669156145559153,0.9233084385444086,2.0
1630215,2025-03,111,48,0.43243243243243246,0.43165571871754493,116.0,114.38152440999286,1.6184755900071335,1.4580861171235435,1.0304641838738096,2.4594594594594597
1630215,2025-04,91,38,0.4175824175824176,0.4456152697773942,89.0,95.54671633412909,-6.546716334129087,-7.1941937737682276,1.0499639157596603,2.4395604395604398
1630217,2025-03,137,65,0.4744525547445255,0.4447147089705327,156.0,143.90671485917454,12.093285140825461,8.82721543125946,1.0504139770742666,2.4306569343065694
1630217,2025-04,109,53,0.48623853211009177,0.44602392451116035,127.0,115.22182983400816,11.778170165991842,10.805660702744808,1.057081007651451,2.44954128440367
1630224,2025-03,197,84,0.4263959390862944,0.45147777666627037,198.0,210.86336413400124,-12.86336413400125,-6.529626463960025,1.0703724067715799,2.4619289340101522
1630224,2025-04,82,32,0.3902439024390244,0.4434656867150834,76.0,84.14123194764723,-8.141231947647224,-9.928331643472225,1.0261125847274053,2.3780487804878048
1630228,2025-03,89,39,0.43820224719101125,0.48543583681592795,81.0,93.57399286616109,-12.573992866161097,-14.12808187209112,1.051393178271473,2.2134831460674156
1630228,2025-04,56,25,0.44642857142857145,0.45860482344303927,53.0,57.22806988701715,-4.228069887017148,-7.550124798244908,1.0219298194110205,2.2857142857142856
1630230,2025-03,128,72,0.5625,0.5185255382755541,150.0,140.0004440717096,9.999555928290398,7.8121530689768734,1.0937534693102313,2.171875
1630230,2025-04,59,29,0.4915254237288136,0.48518894362699283,62.0,62.658867841947526,-0.6588678419475245,-1.1167251558432618,1.0620147091855512,2.288135593220339
1630231,2025-03,30,10,0.3333333333333333,0.42562497066648997,21.0,30.534454616235056,-9.534454616235056,-31.781515387450188,1.017815153874502,2.466666666666667
1630231,2025-04,8,6,0.75,0.5360521066507327,12.0,8.891460848255502,3.108539151744499,38.85673939680624,1.1114326060319377,2.125
1630241,2025-03,66,26,0.3939393939393939,0.4123325525499025,71.0,74.82326430033093,-3.823264300330935,-5.792824697471113,1.1336858227322868,2.8333333333333335
1630241,2025-04,28,13,0.4642857142857143,0.3766876837040005,38.0,30.644384409272735,7.355615590727265,26.270055681168802,1.0944423003311692,2.9285714285714284
1630243,2025-03,6,2,0.3333333333333333,0.4059926243421441,5.0,5.749951302651674,-0.7499513026516733,-12.499188377527888,0.9583252171086123,2.5
1630243,2025-04,13,9,0.6923076923076923,0.39329138672614355,23.0,12.72734957564431,10.272650424355692,79.02038787965917,0.9790268904341777,2.6153846153846154
1630249,2025-03,31,16,0.5161290322580645,0.3984667470455766,44.0,34.4518362360954,9.548163763904594,30.800528270659978,1.1113495560030775,2.838709677419355
1630249,2025-04,36,27,0.75,0.45001770818182685,71.0,42.22377264885764,28.77622735114236,79.93396486428433,1.1728825735793789,2.7222222222222223
1630256,2025-03,13,7,0.5384615384615384,0.4600845661605727,16.0,13.2770105446967,2.7229894553032983,20.946072733102294,1.0213085034382077,2.3076923076923075
1630256,2025-04,11,7,0.6363636363636364,0.41913135926793726,18.0,11.93606156069379,6.0639384393062095,55.12671308460191,1.0850965055176174,2.727272727272727
1630264,2025-03,18,11,0.6111111111111112,0.4905113703656689,23.0,19.003093695560164,3.9969063044398347,22.205035024665747,1.0557274275311201,2.2222222222222223
1630264,2025-04,21,7,0.3333333333333333,0.4750495267582928,16.0,22.66773501855359,-6.667735018553589,-31.751119135969475,1.0794159532644567,2.380952380952381
1630283,2025-04,9,4,0.4444444444444444,0.5394302216346271,8.0,9.709743989423288,-1.7097439894232886,-18.99715543803654,1.0788604432692541,2.0
1630288,2025-03,69,36,0.5217391304347826,0.5099646534401209,78.0,77.0948180381291,0.905181961870892,1.311857915754916,1.1173162034511464,2.260869565217391
1630288,2025-04,26,12,0.46153846153846156,0.4407570293148141,28.0,26.04358428159634,1.9564157184036604,7.524675840014078,1.001676318522936,2.3461538461538463
1630296,2025-04,4,0,0.0,0.3982149196519107,0.0,3.515171575672128,-3.515171575672128,-87.8792893918032,0.878792893918032,2.25
1630311,2025-03,10,4,0.4,0.46052014531982566,9.0,9.762472958218487,-0.7624729582184868,-7.624729582184868,0.9762472958218487,2.2
1630311,2025-04,7,4,0.5714285714285714,0.3762863064672516,10.0,6.234991116220247,3.7650088837797533,53.785841196853625,0.8907130166028924,2.4285714285714284
1630314,2025-03,70,38,0.5428571428571428,0.5280158985886514,81.0,79.38935941783964,1.6106405821603584,2.3009151173719404,1.1341337059691377,2.2142857142857144
1630314,2025-04,10,7,0.7,0.6165576015501839,16.0,13.009821731706962,2.9901782682930387,29.90178268293039,1.3009821731706963,2.2
1630322,2025-03,7,2,0.2857142857142857,0.4006680894209454,6.0,7.018804711941799,-1.0188047119418002,-14.554353027740003,1.002686387420257,2.5714285714285716
1630322,2025-04,23,8,0.34782608695652173,0.3567663921177518,24.0,23.34669030452638,0.6533096954736217,2.8404769368418337,1.015073491501147,2.9130434782608696
1630526,2025-03,53,29,0.5471698113207547,0.4686671162672689,69.0,59.31100858423977,9.688991415760231,18.28111587879289,1.1190756336649013,2.490566037735849
1630526,2025-04,58,23,0.39655172413793105,0.4593007360623477,54.0,63.274534660983875,-9.274534660983877,-15.990577001696337,1.090940252775584,2.4655172413793105
1630528,2025-03,2,0,0.0,0.3540347566755277,0.0,2.1242085400531665,-2.1242085400531665,-106.21042700265832,1.0621042700265833,3.0
1630528,2025-04,22,9,0.4090909090909091,0.5013658760745154,20.0,24.705105244769413,-4.705105244769413,-21.38684202167915,1.1229593293077007,2.3636363636363638
1630530,2025-03,28,12,0.42857142857142855,0.48842204339011414,29.0,32.636811874029455,-3.636811874029456,-12.988613835819487,1.1656004240724804,2.5357142857142856
1630531,2025-03,13,6,0.46153846153846156,0.39601993863114815,13.0,12.412547180972995,0.5874528190270053,4.518867838669271,0.9548113216133073,2.5384615384615383
1630531,2025-04,28,10,0.35714285714285715,0.4058385955965059,22.0,28.002583865986324,-6.002583865986325,-21.437799521379734,1.000092280928083,2.5357142857142856
1630532,2025-03,189,85,0.4497354497354497,0.46198192065294774,182.0,193.22950262817147,-11.229502628171483,-5.9415357821013135,1.022378320783976,2.2804232804232805
1630532,2025-04,76,36,0.47368421052631576,0.4587251693445069,82.0,79.71826026744219,2.2817397325578064,3.0022891217865872,1.0489244772031867,2.3684210526315788
1630533,2025-03,74,30,0.40540540540540543,0.41042177364140087,80.0,80.15954161655905,-0.15954161655904908,-0.2155967791338501,1.0832370488724197,2.72972972972973
1630533,2025-04,17,9,0.5294117647058824,0.4333253746410411,22.0,18.016648263370122,3.983351736629876,23.431480803705153,1.059802839021772,2.5294117647058822
1630534,2025-03,56,24,0.42857142857142855,0.46820601516515625,55.0,60.74221543228222,-5.742215432282223,-10.2539561290754,1.084682418433611,2.4107142857142856
1630534,2025-04,52,27,0.5192307692307693,0.48797714089248223,67.0,60.88341600816381,6.116583991836189,11.762661522761901,1.1708349232339195,2.519230769230769
1630538,2025-03,3,2,0.6666666666666666,0.36699948793928666,5.0,2.9141019681736062,2.0858980318263938,69.52993439421313,0.9713673227245354,2.6666666666666665
1630539,2025-03,40,33,0.825,0.6437463442513134,67.0,52.09739528048704,14.902604719512954,37.25651179878239,1.302434882012176,2.05
1630539,2025-04,23,19,0.8260869565217391,0.5899987888477441,38.0,27.42094253557959,10.579057464420409,45.995902019219166,1.1922148928512866,2.0434782608695654
1630540,2025-03,53,20,0.37735849056603776,0.4118252724666583,49.0,52.596231771641335,-3.5962317716413352,-6.785342965361011,0.9923817315404025,2.452830188679245
1630540,2025-04,51,20,0.39215686274509803,0.4292613319109653,51.0,55.593135316910754,-4.593135316910756,-9.006147680217168,1.0900614768021717,2.627450980392157
1630541,2025-03,88,37,0.42045454545454547,0.4502715513323226,91.0,98.60647408377093,-7.606474083770935,-8.6437205497397,1.1205281145883061,2.590909090909091
1630541,2025-04,55,20,0.36363636363636365,0.42883669712591377,52.0,59.275524116218,-7.275524116218002,-13.228225665850912,1.0777368021130547,2.581818181818182
1630542,2025-03,16,5,0.3125,0.40741484043396725,10.0,16.467752197148545,-6.467752197148545,-40.42345123217841,1.029234512321784,2.625
1630542,2025-04,53,22,0.41509433962264153,0.5022036690557972,49.0,61.00929300246104,-12.009293002461042,-22.65904340086989,1.1511187358954913,2.4150943396226414
1630545,2025-03,6,2,0.3333333333333333,0.6440833222929765,4.0,8.04543616942663,-4.0454361694266305,-67.4239361571105,1.3409060282377716,2.1666666666666665
1630548,2025-03,89,44,0.4943820224719101,0.42003525395184155,106.0,92.45170831765532,13.548291682344678,15.222799643083906,1.0387832395242171,2.539325842696629
1630548,2025-04,76,29,0.3815789473684211,0.40202494531771993,78.0,79.80425843950654,-1.8042584395065382,-2.3740242625086028,1.0500560320987702,2.6710526315789473
1630549,2025-03,42,21,0.5,0.533160885714809,43.0,46.82241439194823,-3.822414391948227,-9.100986647495779,1.1148193902844816,2.142857142857143
1630550,2025-03,25,10,0.4,0.4502993794098784,20.0,24.94334637137696,-4.943346371376961,-19.773385485507845,0.9977338548550785,2.28
1630550,2025-04,16,5,0.3125,0.464277663795578,12.0,16.932496068521722,-4.932496068521719,-30.828100428260747,1.0582810042826076,2.375
1630551,2025-03,62,30,0.4838709677419355,0.48247498738822936,70.0,69.9793196843825,0.020680315617491285,0.03335534777014723,1.1286987045868146,2.4516129032258065
1630551,2025-04,81,47,0.5802469135802469,0.4925867043296525,109.0,92.61060186668121,16.389398133318792,20.233824855949127,1.1433407637861877,2.4444444444444446
1630553,2025-03,129,55,0.4263565891472868,0.4458291967291355,136.0,138.34882108947636,-2.3488210894763473,-1.8207915422297265,1.0724714813137701,2.511627906976744
1630553,2025-04,42,21,0.5,0.4485479487210186,51.0,46.15538213000738,4.844617869992614,11.534804452363367,1.0989376697620805,2.5714285714285716
1630556,2025-03,18,9,0.5,0.4734651743100709,24.0,21.295597556381612,2.704402443618389,15.024458020102161,1.1830887531323118,2.611111111111111
1630557,2025-03,5,2,0.4,0.4222563799727954,4.0,4.944337345677284,-0.9443373456772849,-18.8867469135457,0.9888674691354569,2.4
1630558,2025-03,73,36,0.4931506849315068,0.4781280848989588,85.0,79.2035585865358,5.796441413464192,7.940330703375606,1.0849802546100795,2.3835616438356166
1630558,2025-04,65,33,0.5076923076923077,0.48449156702571816,76.0,72.12256875905591,3.87743124094409,5.965278832221677,1.1095779809085524,2.3846153846153846
1630559,2025-03,173,90,0.5202312138728323,0.46583560084371745,208.0,190.55444460266563,17.445555397334374,10.084136067823337,1.1014707780500903,2.468208092485549
1630559,2025-04,85,44,0.5176470588235295,0.42818665451506677,115.0,90.55453111116897,24.44546888883103,28.759375163330624,1.065347424837282,2.6
1630561,2025-04,7,4,0.5714285714285714,0.43828001062198796,11.0,7.941064758615223,3.0589352413847775,43.699074876925394,1.1344378226593175,2.7142857142857144
1630567,2025-03,126,57,0.4523809523809524,0.46944345261325465,122.0,127.9332765706518,-5.933276570651796,-4.708949659247457,1.0153434648464428,2.2142857142857144
1630567,2025-04,85,40,0.47058823529411764,0.49044085529892956,86.0,89.63512858781067,-3.635128587810672,-4.276621868012556,1.0545309245624785,2.2
1630568,2025-03,11,7,0.6363636363636364,0.5085633760792208,16.0,12.209147357659814,3.7908526423401856,34.462296748547146,1.109922487059983,2.272727272727273
1630568,2025-04,1,1,1.0,0.6397190965867455,2.0,1.279438193173491,0.7205618068265089,72.05618068265089,1.279438193173491,2.0
1630570,2025-03,83,41,0.4939759036144578,0.4839653535910889,90.0,87.51638123771917,2.483618762280827,2.9923117617841286,1.0544142317797491,2.2650602409638556
1630570,2025-04,59,31,0.5254237288135594,0.4949858385645157,66.0,61.460552006389946,4.539447993610052,7.693979650186529,1.0417042712947449,2.152542372881356
1630572,2025-03,78,42,0.5384615384615384,0.4868948968378021,105.0,91.97832223380796,13.021677766192049,16.69445867460519,1.1792092594077943,2.5641025641025643
1630572,2025-04,64,28,0.4375,0.43602798501212864,64.0,68.10978148883973,-4.109781488839733,-6.421533576312083,1.0642153357631208,2.53125
1630573,2025-03,64,32,0.5,0.38791811003276877,91.0,70.51644425358424,20.483555746415767,32.00555585377464,1.1018194414622537,2.875
1630573,2025-04,61,29,0.47540983606557374,0.4138619454985659,78.0,67.1757523132527,10.824247686747304,17.744668338930005,1.101241841200864,2.737704918032787
1630577,2025-03,76,27,0.35526315789473684,0.423703606016287,75.0,85.57105106195934,-10.571051061959334,-13.909277713104387,1.125934882394202,2.75
1630577,2025-04,82,38,0.4634146341463415,0.42200319882587983,102.0,89.97865643188854,12.021343568111458,14.660175083062754,1.0973006881937626,2.682926829268293
1630578,2025-03,151,70,0.46357615894039733,0.522778288300979,141.0,160.57608755254745,-19.576087552547452,-12.96429639241553,1.0634177983612414,2.052980132450331
1630578,2025-04,64,31,0.484375,0.5289684905140604,62.0,68.03069589433049,-6.030695894330487,-9.422962334891386,1.062979623348914,2.015625
1630579,2025-03,2,0,0.0,0.6371172315288658,0.0,2.548468926115463,-2.548468926115463,-127.42344630577315,1.2742344630577316,2.0
1630581,2025-03,83,40,0.4819277108433735,0.49629163646473956,90.0,92.29607405834857,-2.2960740583485637,-2.766354287166944,1.11200089226926,2.3132530120481927
1630581,2025-04,57,27,0.47368421052631576,0.5005931468616351,60.0,62.478838161008056,-2.4788381610080577,-4.348838878961505,1.0961199677369835,2.263157894736842
1630583,2025-03,65,29,0.4461538461538462,0.4228401462119337,69.0,69.9351046797896,-0.9351046797896057,-1.4386225842917009,1.0759246873813786,2.6153846153846154
1630583,2025-04,43,21,0.4883720930232558,0.4056628555768797,55.0,46.094051251445634,8.90594874855437,20.7115087175683,1.0719546802661775,2.697674418604651
1630585,2025-03,21,9,0.42857142857142855,0.4283854014171973,21.0,20.310059791137533,0.6899402088624678,3.2854295660117514,0.9671457043398826,2.3333333333333335
1630590,2025-03,76,40,0.5263157894736842,0.47805602315785695,95.0,83.69131609266107,11.308683907338931,14.879847246498592,1.101201527535014,2.3815789473684212
1630590,2025-04,55,27,0.4909090909090909,0.48842609269880255,64.0,60.30686973501773,3.6931302649822717,6.714782299967767,1.096488540636686,2.327272727272727
1630592,2025-03,85,31,0.36470588235294116,0.40592861676896036,78.0,85.92700429250894,-7.927004292508937,-9.325887402951691,1.0109059328530463,2.5647058823529414
1630592,2025-04,42,20,0.47619047619047616,0.4030885082504756,57.0,45.884761390074516,11.11523860992548,26.464853833155903,1.092494318811298,2.7857142857142856
1630595,2025-03,89,41,0.4606741573033708,0.5180845468116888,88.0,97.70152205884143,-9.701522058841439,-10.90058658296791,1.0977699107734993,2.168539325842697
1630595,2025-04,90,53,0.5888888888888889,0.47523207900964337,114.0,92.69442183433263,21.305578165667374,23.672864628519307,1.0299380203814736,2.2222222222222223
1630596,2025-03,111,59,0.5315315315315315,0.5004007626060963,132.0,123.99133768268395,8.008662317316043,7.2150110966811205,1.1170390782223778,2.315315315315315
1630596,2025-04,66,32,0.48484848484848486,0.5509179179534942,73.0,82.28669527244166,-9.286695272441662,-14.070750412790398,1.24676811018851,2.378787878787879
1630598,2025-03,52,25,0.4807692307692308,0.46046281905969166,61.0,58.26223573550184,2.737764264498161,5.264931277881079,1.1204276102981123,2.5384615384615383
1630598,2025-04,74,34,0.4594594594594595,0.4745446467352185,78.0,81.49936514160987,-3.4993651416098768,-4.72887181298632,1.101342772183917,2.418918918918919
1630600,2025-04,7,2,0.2857142857142857,0.4443635021505084,5.0,7.304556282230541,-2.304556282230541,-32.922232603293445,1.0435080403186487,2.4285714285714284
1630604,2025-04,5,3,0.6,0.4460075296018249,6.0,5.034232407482732,0.9657675925172674,19.315351850345348,1.0068464814965465,2.4
1630611,2025-03,30,16,0.5333333333333333,0.4294843748499663,39.0,32.43821328876456,6.561786711235439,21.872622370784796,1.081273776292152,2.6333333333333333
1630611,2025-04,16,4,0.25,0.405966261655981,9.0,15.844881967700712,-6.8448819677007116,-42.780512298129445,0.9903051229812945,2.5625
1630623,2025-03,7,3,0.42857142857142855,0.4168996050271137,8.0,7.354735065377794,0.6452649346222057,9.218070494602939,1.0506764379111133,2.7142857142857144
1630623,2025-04,45,14,0.3111111111111111,0.38405832393247813,39.0,48.79358120356188,-9.793581203561876,-21.76351378569306,1.0843018045235973,2.8666666666666667
1630625,2025-03,31,10,0.3225806451612903,0.40655695210156295,24.0,29.58269049148493,-5.5826904914849305,-18.0086790047901,0.9542803384349977,2.4193548387096775
1630625,2025-04,122,41,0.3360655737704918,0.44561147323449984,94.0,127.76549169947026,-33.76549169947026,-27.676632540549395,1.0472581286841824,2.442622950819672
1630631,2025-03,90,30,0.3333333333333333,0.43461801293692587,73.0,95.9003946074156,-22.90039460741561,-25.44488289712846,1.0655599400823956,2.5444444444444443
1630631,2025-04,78,31,0.3974358974358974,0.43060451997804533,75.0,81.67763751960385,-6.677637519603844,-8.56107374308185,1.04714919896928,2.5128205128205128
1630639,2025-03,53,19,0.3584905660377358,0.4480726099901851,44.0,57.824307666844234,-13.824307666844234,-26.083599371404215,1.0910246729593251,2.5283018867924527
1630639,2025-04,56,29,0.5178571428571429,0.5075886590289393,67.0,66.06948339447172,0.9305166055282776,1.6616367955862101,1.1798122034727092,2.4464285714285716
1630643,2025-03,32,17,0.53125,0.44882391679953393,41.0,35.56557320497451,5.434426795025491,16.98258373445466,1.1114241626554535,2.59375
1630643,2025-04,19,10,0.5263157894736842,0.46516840030076234,23.0,21.1420780212177,1.8579219787822987,9.778536730433151,1.112740948485142,2.526315789473684
1630644,2025-03,2,0,0.0,0.3560737047445883,0.0,1.7287882657619784,-1.7287882657619784,-86.43941328809892,0.8643941328809892,2.5
1630649,2025-04,3,1,0.3333333333333333,0.35728955616801117,3.0,2.815076937296845,0.18492306270315495,6.164102090105165,0.9383589790989483,2.6666666666666665
1630658,2025-03,35,17,0.4857142857142857,0.49080799465160724,36.0,36.960222185386876,-0.9602221853868791,-2.743491958248226,1.0560063481539108,2.2
1630658,2025-04,31,17,0.5483870967741935,0.5241197709625994,34.0,33.86617084368731,0.1338291563126911,0.43170695584739066,1.0924571239899132,2.129032258064516
1630678,2025-03,1,0,0.0,0.4162672101787237,0.0,0.8325344203574474,-0.8325344203574474,-83.25344203574474,0.8325344203574474,2.0
1630692,2025-03,55,23,0.41818181818181815,0.4558254828410688,55.0,59.83598745400505,-4.835987454005048,-8.792704461827359,1.0879270446182736,2.4727272727272727
1630692,2025-04,33,11,0.3333333333333333,0.3825564263266898,27.0,30.852032800154575,-3.852032800154576,-11.672826667135078,0.934910084853169,2.484848484848485
1630695,2025-03,7,2,0.2857142857142857,0.3803036753674615,5.0,7.13405774427121,-2.13405774427121,-30.486539203874425,1.0191511063244587,2.7142857142857144
1630695,2025-04,24,10,0.4166666666666667,0.41719798243865464,22.0,25.67559996048394,-3.6755999604839404,-15.314999835349752,1.0698166650201641,2.6666666666666665
1630699,2025-03,5,2,0.4,0.4920558828805091,4.0,5.589108152318288,-1.5891081523182886,-31.782163046365774,1.1178216304636577,2.4
1630699,2025-04,3,2,0.6666666666666666,0.5734615053100374,4.0,3.782851514470065,0.21714848552993482,7.238282850997828,1.2609505048233551,2.3333333333333335
1630700,2025-03,95,48,0.5052631578947369,0.5145107613301636,104.0,108.46574870216239,-4.465748702162392,-4.70078810753936,1.1417447231806568,2.305263157894737
1630700,2025-04,81,46,0.5679012345679012,0.52321609817275,98.0,91.0875334349816,6.912466565018403,8.533909339528893,1.1245374498145875,2.2098765432098766
1630702,2025-03,58,29,0.5,0.4339304366966555,70.0,59.96079293022025,10.03920706977975,17.30897770651681,1.0338067746589699,2.4482758620689653
1630702,2025-04,43,17,0.3953488372093023,0.4210091304560692,40.0,43.41303951227118,-3.4130395122711823,-7.937301191328331,1.0096055700528181,2.4651162790697674
1630703,2025-03,79,25,0.31645569620253167,0.4194330777743103,61.0,81.84143436679057,-20.841434366790565,-26.381562489608314,1.0359675236302603,2.5316455696202533
1630762,2025-03,16,3,0.1875,0.4997265876137386,6.0,18.475915014129928,-12.475915014129926,-77.97446883831203,1.1547446883831205,2.4375
1630762,2025-04,5,0,0.0,0.42366348011903765,0.0,5.173341015892919,-5.173341015892919,-103.46682031785836,1.0346682031785837,2.6
1630811,2025-04,24,8,0.3333333333333333,0.38430505846374285,17.0,21.526244292577076,-4.526244292577076,-18.85935121907115,0.8969268455240448,2.375
1631094,2025-03,223,109,0.48878923766816146,0.4877171571977973,240.0,241.76446526950372,-1.7644652695037188,-0.7912400311675869,1.0841455841681782,2.304932735426009
1631094,2025-04,86,38,0.4418604651162791,0.4886605633140837,83.0,91.63777021290545,-8.637770212905448,-10.043918852215636,1.0655554675919239,2.244186046511628
1631095,2025-03,99,50,0.5050505050505051,0.46346729702907447,118.0,107.80832232404059,10.191677675959419,10.294623915110524,1.0889729527680867,2.4343434343434343
1631095,2025-04,34,16,0.47058823529411764,0.4771090053334568,37.0,38.44006795144051,-1.4400679514405093,-4.235493974825028,1.1305902338658973,2.4705882352941178
1631096,2025-03,62,29,0.46774193548387094,0.4985912958394498,65.0,68.32487471017174,-3.3248747101717426,-5.362701145438295,1.1020141082285764,2.2903225806451615
1631096,2025-04,54,27,0.5,0.5044888062619118,64.0,62.15923578348058,1.8407642165194167,3.4088226231841054,1.1510969589533442,2.388888888888889
1631097,2025-03,96,42,0.4375,0.4664725980535622,95.0,102.30849459821438,-7.30849459821438,-7.613015206473313,1.0657134853980665,2.3645833333333335
1631097,2025-04,57,20,0.3508771929824561,0.4906031956617463,43.0,62.74892227967656,-19.748922279676563,-34.647232069608,1.1008582856083609,2.3157894736842106
1631099,2025-03,125,58,0.464,0.41918239536103713,147.0,132.31521577665816,14.684784223341847,11.747827378673477,1.0585217262132653,2.608
1631099,2025-04,39,15,0.38461538461538464,0.4355839027705876,36.0,43.13705818542858,-7.137058185428577,-18.300149193406607,1.1060784150109892,2.641025641025641
1631101,2025-03,134,63,0.4701492537313433,0.4631069988033289,141.0,145.79538992706384,-4.795389927063827,-3.5786491993013634,1.088025297963163,2.4477611940298507
1631101,2025-04,111,50,0.45045045045045046,0.4564615832654811,116.0,118.14875299819805,-2.1487529981980464,-1.9358135118901318,1.0644031801639464,2.4234234234234235
1631102,2025-03,2,1,0.5,0.3120346844252766,3.0,1.87220810655166,1.12779189344834,56.389594672417,0.93610405327583,3.0
1631102,2025-04,6,2,0.3333333333333333,0.3839845328563423,4.0,4.908167948879225,-0.9081679488792244,-15.136132481320406,0.8180279914798708,2.1666666666666665
1631103,2025-03,16,9,0.5625,0.45768742645043275,22.0,17.323362350335096,4.676637649664903,29.22898531040564,1.0827101468959435,2.5
1631103,2025-04,55,27,0.4909090909090909,0.4507663064357864,62.0,56.33842057127431,5.661579428725688,10.293780779501253,1.0243349194777147,2.3454545454545452
1631104,2025-03,49,20,0.40816326530612246,0.501553314450153,48.0,56.12787026938078,-8.127870269380779,-16.58749034567506,1.1454667401914445,2.4081632653061225
1631104,2025-04,43,17,0.3953488372093023,0.46631308327652304,37.0,44.32913829922576,-7.3291382992257645,-17.044507672618057,1.0309101930052502,2.2790697674418605
1631105,2025-03,65,44,0.676923076923077,0.6780898683092594,88.0,88.15168288020372,-0.15168288020372156,-0.23335827723649472,1.3561797366185189,2.0
1631105,2025-04,46,30,0.6521739130434783,0.6190888920416924,60.0,56.9561780678357,3.0438219321643,6.617004200357174,1.2381777840833847,2.0
1631106,2025-03,84,45,0.5357142857142857,0.5215247772479319,99.0,97.04569414422171,1.9543058557782849,2.3265545902122438,1.1553058826693061,2.2976190476190474
1631106,2025-04,48,22,0.4583333333333333,0.5077862986445139,48.0,54.35314625045779,-6.353146250457789,-13.235721355120395,1.132357213551204,2.3125
1631108,2025-03,68,26,0.38235294117647056,0.4386776509144428,64.0,72.32533588906504,-8.325335889065043,-12.243141013330945,1.0636078807215448,2.485294117647059
1631108,2025-04,59,25,0.423728813559322,0.4501807402424157,58.0,63.10904554644568,-5.109045546445678,-8.659399231263862,1.0696448397702658,2.457627118644068
1631109,2025-03,70,50,0.7142857142857143,0.6389851726117074,100.0,89.45792416563903,10.542075834360976,15.060108334801395,1.2779703452234148,2.0
1631109,2025-04,42,22,0.5238095238095238,0.5577215963925766,44.0,47.80480835004779,-3.8048083500477943,-9.059067500113796,1.1382097226201855,2.0714285714285716
1631110,2025-03,97,47,0.4845360824742268,0.5825895342948711,99.0,121.22194907423005,-22.221949074230047,-22.909225849721697,1.249710815198248,2.2371134020618557
1631111,2025-03,30,15,0.5,0.48976683136174143,32.0,32.48078404474448,-0.48078404474447844,-1.602613482481595,1.0826928014914827,2.3
1631111,2025-04,14,7,0.5,0.46791012683328936,17.0,15.975321879704016,1.0246781202959856,7.319129430685612,1.1410944199788582,2.5714285714285716
1631114,2025-03,41,22,0.5365853658536586,0.49071212768680866,49.0,44.06281975466182,4.937180245338181,12.041903037410197,1.0747029208454102,2.2439024390243905
1631114,2025-04,96,50,0.5208333333333334,0.5044043129922268,108.0,105.4650241672784,2.534975832721604,2.6405998257516705,1.0985940017424833,2.2395833333333335
1631115,2025-03,73,34,0.4657534246575342,0.5089463832955838,72.0,76.87282201599471,-4.872822015994719,-6.675098652047559,1.0530523563834893,2.1095890410958904
1631115,2025-04,46,20,0.43478260869565216,0.47832324816918065,45.0,49.881772416231684,-4.881772416231688,-10.612548730938451,1.0843863568746017,2.347826086956522
1631116,2025-04,2,2,1.0,0.33009796493885574,6.0,1.9805877896331348,4.019412210366865,200.97061051834325,0.9902938948165674,3.0
1631117,2025-03,64,23,0.359375,0.4753055844655645,50.0,70.25885118934332,-20.258851189343318,-31.654454983348934,1.0977945498334893,2.421875
1631117,2025-04,10,5,0.5,0.5731126922401322,10.0,11.827944426451309,-1.8279444264513083,-18.279444264513085,1.182794442645131,2.1
1631119,2025-03,39,20,0.5128205128205128,0.4237380803511863,53.0,42.57525759185117,10.424742408148827,26.730108738843146,1.0916732715859274,2.641025641025641
1631119,2025-04,15,9,0.6,0.38389240441814837,25.0,15.009590469584774,9.990409530415226,66.60273020276819,1.0006393646389848,2.6666666666666665
1631120,2025-03,5,3,0.6,0.39980374879707065,7.0,4.943051127473564,2.056948872526436,41.13897745052873,0.9886102254947128,2.6
1631120,2025-04,20,6,0.3,0.40480343584683043,13.0,19.243841034347586,-6.243841034347588,-31.21920517173794,0.9621920517173793,2.45
1631121,2025-03,6,0,0.0,0.3689884478193886,0.0,4.736998122729322,-4.736998122729322,-78.94996871215537,0.7894996871215536,2.1666666666666665
1631123,2025-04,11,5,0.45454545454545453,0.46388791276899455,11.0,11.570916158029506,-0.5709161580295056,-5.190146891177323,1.0519014689117734,2.4545454545454546
1631124,2025-04,14,5,0.35714285714285715,0.4109482033274986,10.0,13.553103431762919,-3.5531034317629193,-25.379310226877994,0.9680788165544942,2.4285714285714284
1631127,2025-03,1,1,1.0,0.5995605640533987,2.0,1.1991211281067975,0.8008788718932025,80.08788718932026,1.1991211281067975,2.0
1631127,2025-04,1,1,1.0,0.3691666029033293,2.0,0.7383332058066586,1.2616667941933413,126.16667941933413,0.7383332058066586,2.0
1631128,2025-03,73,48,0.6575342465753424,0.5459360916054622,106.0,86.85584026098239,19.144159739017603,26.224876354818633,1.1898060309723615,2.2739726027397262
1631128,2025-04,70,45,0.6428571428571429,0.521061206567251,99.0,81.29195047798481,17.70804952201519,25.29721360287884,1.161313578256926,2.3
1631131,2025-03,16,8,0.5,0.5994775163838302,16.0,19.183280524282566,-3.1832805242825657,-19.895503276766036,1.1989550327676604,2.0
1631131,2025-04,31,19,0.6129032258064516,0.49382804004762815,38.0,30.617338482952945,7.382661517047055,23.81503715176469,0.9876560800952563,2.0
1631132,2025-03,16,9,0.5625,0.6540322889390521,18.0,20.929033246049666,-2.929033246049666,-18.306457787810412,1.3080645778781042,2.0
1631132,2025-04,4,2,0.5,0.541153897400634,4.0,4.6430618979660965,-0.6430618979660967,-16.076547449152418,1.1607654744915241,2.25
1631133,2025-03,4,2,0.5,0.5506369750147257,4.0,4.405095800117806,-0.40509580011780544,-10.127395002945136,1.1012739500294515,2.0
1631133,2025-04,49,27,0.5510204081632653,0.48537426710764625,59.0,51.779272214516276,7.220727785483724,14.736179154048418,1.056719841112577,2.2448979591836733
1631157,2025-03,48,25,0.5208333333333334,0.4353185110182543,61.0,50.36123234317825,10.63876765682175,22.164099285045314,1.0491923404828802,2.5208333333333335
1631157,2025-04,54,29,0.5370370370370371,0.45754930810560174,70.0,58.12701877415213,11.872981225847877,21.98700227008866,1.0764262735954098,2.425925925925926
1631159,2025-04,1,1,1.0,0.6771965958529174,2.0,1.3543931917058347,0.6456068082941653,64.56068082941653,1.3543931917058347,2.0
1631165,2025-03,68,37,0.5441176470588235,0.3980755032814681,96.0,71.32933414876894,24.670665851231067,36.280390957692745,1.0489607963054255,2.6911764705882355
1631165,2025-04,38,19,0.5,0.4071084606338694,50.0,41.81403172274632,8.18596827725368,21.542021782246525,1.1003692558617453,2.789473684210526
1631166,2025-03,28,17,0.6071428571428571,0.47247249832357746,36.0,29.202716289114512,6.797283710885489,24.27601325316246,1.0429541531826612,2.3214285714285716
1631166,2025-04,74,28,0.3783783783783784,0.4682688145646081,63.0,78.59506132976257,-15.595061329762569,-21.07440720238185,1.0620954233751698,2.3513513513513513
1631169,2025-03,7,6,0.8571428571428571,0.48606976264349905,15.0,8.207631703147964,6.792368296852036,97.03383281217194,1.1725188147354235,2.5714285714285716
1631169,2025-04,7,5,0.7142857142857143,0.4753999004217059,13.0,8.49257962306473,4.50742037693527,64.39171967050386,1.2132256604378184,2.7142857142857144
1631170,2025-03,52,23,0.4423076923076923,0.5301747093410749,50.0,58.61782353084505,-8.617823530845051,-16.572737559317403,1.1272658371316355,2.1923076923076925
1631170,2025-04,38,24,0.631578947368421,0.5224647101709593,52.0,43.72417438625536,8.275825613744635,21.77848845722272,1.1506361680593518,2.3157894736842106
1631172,2025-03,1,0,0.0,0.4073589133148548,0.0,0.8147178266297096,-0.8147178266297096,-81.47178266297097,0.8147178266297096,2.0
1631197,2025-04,27,18,0.6666666666666666,0.5562353169141333,40.0,33.9836717445979,6.016328255402098,22.282697242229993,1.2586545090591814,2.4074074074074074
1631199,2025-04,8,1,0.125,0.3551768668339312,2.0,7.613342450639239,-5.613342450639239,-70.1667806329905,0.9516678063299049,2.75
1631200,2025-03,25,7,0.28,0.44884131171851616,16.0,27.088589557072652,-11.08858955707265,-44.3543582282906,1.083543582282906,2.52
1631200,2025-04,52,19,0.36538461538461536,0.43134951755343676,42.0,53.510858027407664,-11.510858027407666,-22.136265437322436,1.029054962065532,2.480769230769231
1631204,2025-03,36,18,0.5,0.4270658194213637,47.0,38.28453398921108,8.715466010788925,24.209627807747015,1.0634592774780856,2.5833333333333335
1631204,2025-04,38,16,0.42105263157894735,0.4564709367347627,36.0,39.73593500044438,-3.7359350004443765,-9.831407895906255,1.0456825000116943,2.3684210526315788
1631207,2025-03,53,26,0.49056603773584906,0.4520527276425854,64.0,55.85528809340044,8.14471190659956,15.367380955848228,1.0538733602528385,2.4339622641509435
1631207,2025-04,27,9,0.3333333333333333,0.49716354306690796,21.0,31.11632834815399,-10.116328348153989,-37.4678827709407,1.1524566054871848,2.4444444444444446
1631210,2025-04,12,6,0.5,0.42425445324734984,17.0,13.062585866849926,3.9374141331500736,32.81178444291728,1.0885488222374937,2.6666666666666665
1631212,2025-03,72,38,0.5277777777777778,0.5131282408668073,83.0,79.95580069041581,3.0441993095841844,4.228054596644701,1.1104972318113306,2.236111111111111
1631212,2025-04,36,15,0.4166666666666667,0.4954374340328502,32.0,39.898224045266794,-7.898224045266792,-21.939511236852198,1.108284001257411,2.3333333333333335
1631213,2025-03,72,29,0.4027777777777778,0.412725184026803,76.0,75.85937237609339,0.14062762390661354,0.19531614431474104,1.0536023941124082,2.638888888888889
1631213,2025-04,29,12,0.41379310344827586,0.4380972922669539,27.0,31.32421127376739,-4.324211273767389,-14.911073357818584,1.0801452163368066,2.5517241379310347
1631216,2025-03,40,24,0.6,0.36182418722833676,69.0,41.120562526736926,27.879437473263078,69.6985936831577,1.0280140631684231,2.875
1631216,2025-04,34,17,0.5,0.39003044785870805,45.0,35.1141119280758,9.8858880719242,29.07614138801235,1.0327679978845823,2.735294117647059
1631217,2025-03,36,21,0.5833333333333334,0.5710828280899053,42.0,41.768395935802324,0.23160406419767976,0.6433446227713326,1.1602332204389534,2.0555555555555554
1631217,2025-04,33,21,0.6363636363636364,0.6040237502601444,42.0,40.4062641366414,1.5937358633586054,4.829502616238198,1.224432246564891,2.0606060606060606
1631218,2025-03,13,7,0.5384615384615384,0.6941279911405616,14.0,18.32888937058105,-4.328889370581049,-33.299149004469605,1.409914566967773,2.076923076923077
1631218,2025-04,8,6,0.75,0.5938262249780243,12.0,9.774198359896932,2.225801640103067,27.822520501288338,1.2217747949871165,2.125
1631221,2025-03,57,23,0.40350877192982454,0.4099572156616538,60.0,58.025777067324626,1.9742229326753755,3.463549004693641,1.017996088900432,2.5789473684210527
1631221,2025-04,62,25,0.4032258064516129,0.4093032285038682,67.0,65.22928543235032,1.7707145676496774,2.855991238144641,1.0520852489088761,2.6451612903225805
1631222,2025-03,41,22,0.5365853658536586,0.4204723494774059,54.0,42.451865969414456,11.54813403058554,28.16618056240376,1.0354113651076697,2.5365853658536586
1631223,2025-04,13,5,0.38461538461538464,0.35659892480245214,11.0,11.529427704566846,-0.5294277045668467,-4.07252080436036,0.8868790541974497,2.5384615384615383
1631230,2025-03,37,22,0.5945945945945946,0.5746207112827821,46.0,45.103776219654904,0.8962237803450963,2.4222264333651253,1.219020978909592,2.189189189189189
1631230,2025-04,21,12,0.5714285714285714,0.5536351621189521,24.0,25.18803280022465,-1.1880328002246494,-5.657299048688807,1.199430133344031,2.238095238095238
1631232,2025-03,35,19,0.5428571428571428,0.46461926690186894,44.0,37.04493004164351,6.9550699583564874,19.87162845244711,1.0584265726183861,2.3714285714285714
1631232,2025-04,72,33,0.4583333333333333,0.4755718308763265,74.0,78.97184447441583,-4.971844474415826,-6.905339547799757,1.0968311732557754,2.4027777777777777
1631243,2025-03,32,11,0.34375,0.5226602050481441,25.0,39.37000761260417,-14.37000761260417,-44.90627378938803,1.2303127378938803,2.5
1631243,2025-04,38,17,0.4473684210526316,0.5380844598362529,39.0,45.94964551176004,-6.949645511760043,-18.288540820421165,1.2092011976778958,2.3684210526315788
1631245,2025-03,11,6,0.5454545454545454,0.5299246927412047,14.0,12.651675117147764,1.3483248828522356,12.257498935020324,1.1501522833770694,2.272727272727273
1631245,2025-04,23,10,0.43478260869565216,0.539937295518646,23.0,28.063403268491157,-5.0634032684911565,-22.014796819526765,1.2201479681952676,2.391304347826087
1631246,2025-03,40,15,0.375,0.4098934598383314,37.0,42.29714759104425,-5.297147591044252,-13.242868977610629,1.0574286897761063,2.65
1631246,2025-04,23,10,0.43478260869565216,0.44118715649548973,25.0,25.472664582726477,-0.47266458272647816,-2.055063403158601,1.1075071557707163,2.608695652173913
1631247,2025-04,9,2,0.2222222222222222,0.4708585217334005,4.0,10.015520722088667,-6.015520722088666,-66.83911913431851,1.1128356357876297,2.5555555555555554
1631248,2025-03,32,16,0.5,0.36375125738345576,47.0,33.82823731303391,13.171762686966096,41.16175839676905,1.0571324160323097,2.9375
1631248,2025-04,43,14,0.32558139534883723,0.3989142127102655,35.0,44.652222815736366,-9.652222815736366,-22.44702980403806,1.0384237864124737,2.6744186046511627
1631250,2025-03,3,1,0.3333333333333333,0.4318100161909873,2.0,3.1901656154383247,-1.190165615438325,-39.6721871812775,1.0633885384794415,2.6666666666666665
1631250,2025-04,14,8,0.5714285714285714,0.368071207471393,21.0,13.51549305873887,7.484506941261131,53.46076386615094,0.9653923613384908,2.7142857142857144
1631255,2025-03,64,38,0.59375,0.5535645234044329,79.0,75.01971693756987,3.9802830624301357,6.219192285047087,1.1721830771495292,2.1875
1631255,2025-04,49,30,0.6122448979591837,0.521223310354825,65.0,56.76158951428814,8.238410485711857,16.81308262390175,1.1583997860058803,2.326530612244898
1631260,2025-03,44,17,0.38636363636363635,0.3807736844651945,48.0,47.59720212016681,0.4027978798331835,0.9154497268935989,1.081754593640155,2.8636363636363638
1631260,2025-04,36,18,0.5,0.3916904843280201,53.0,38.87587641904415,14.12412358095585,39.23367661376625,1.0798854560845597,2.8333333333333335
1631288,2025-03,5,1,0.2,0.4002460758198705,2.0,4.7134846738425065,-2.7134846738425065,-54.26969347685014,0.9426969347685012,2.4
1631288,2025-04,76,37,0.4868421052631579,0.4412303263006838,86.0,78.37830216280643,7.621697837193568,10.02854978578101,1.031293449510611,2.4342105263157894
1631301,2025-04,28,12,0.42857142857142855,0.40936488604733207,30.0,28.072131536676537,1.9278684633234628,6.8852445118695105,1.0025761263098762,2.5357142857142856
1631303,2025-03,3,1,0.3333333333333333,0.31577716441159065,2.0,2.4446627146621602,-0.44466271466216056,-14.822090488738684,0.8148875715540534,2.6666666666666665
1631303,2025-04,16,7,0.4375,0.4112595384416658,16.0,15.31696485428785,0.6830351457121491,4.2689696607009315,0.9573103033929906,2.4375
1631306,2025-03,19,8,0.42105263157894735,0.3755083905777019,20.0,18.706170820038388,1.293829179961611,6.809627262955847,0.9845353063178098,2.6842105263157894
1631306,2025-04,39,14,0.358974358974359,0.40095421304947193,39.0,42.13135097577058,-3.131350975770577,-8.029105066078403,1.0802910506607841,2.7435897435897436
1631311,2025-03,6,4,0.6666666666666666,0.4544703308082178,10.0,6.487330802235768,3.512669197764232,58.54448662940387,1.081221800372628,2.5
1631311,2025-04,64,23,0.359375,0.39828522718851206,57.0,63.30190584083115,-6.301905840831148,-9.846727876298669,0.9890922787629867,2.59375
1631321,2025-04,12,4,0.3333333333333333,0.3797015197609232,8.0,11.044358597290099,-3.044358597290098,-25.369654977417483,0.9203632164408416,2.5
1631323,2025-03,41,20,0.4878048780487805,0.4784988822206706,49.0,46.95455807721391,2.0454419227860874,4.988882738502652,1.1452331238344857,2.5121951219512195
1631323,2025-04,25,10,0.4,0.41567521538511376,26.0,27.278424003337733,-1.2784240033377339,-5.1136960133509355,1.0911369601335092,2.72
1631342,2025-04,15,8,0.5333333333333333,0.502447758682818,19.0,18.24364575230839,0.7563542476916123,5.042361651277416,1.2162430501538926,2.6
1631466,2025-03,2,0,0.0,0.32453624497806777,0.0,1.9472174698684066,-1.9472174698684066,-97.36087349342033,0.9736087349342033,3.0
1631466,2025-04,24,11,0.4583333333333333,0.39175412466180903,24.0,21.63145584648299,2.36854415351701,9.868933972987543,0.9013106602701245,2.375
1641708,2025-03,60,34,0.5666666666666667,0.5719944199398463,71.0,71.25893172936173,-0.25893172936172804,-0.43155288226954674,1.1876488621560288,2.1333333333333333
1641708,2025-04,38,23,0.6052631578947368,0.5271378828359792,48.0,41.56730571535796,6.43269428464204,16.92814285432116,1.0938764661936304,2.1315789473684212
1641709,2025-03,72,36,0.5,0.5694307129671232,74.0,84.66930483398373,-10.669304833983727,-14.818478936088509,1.1759625671386629,2.125
1641709,2025-04,59,29,0.4915254237288136,0.5562420595803347,59.0,66.89812873478243,-7.898128734782436,-13.386658872512601,1.133866588725126,2.0847457627118646
1641710,2025-03,88,43,0.48863636363636365,0.47417353442604626,99.0,95.42209949971766,3.5779005002823463,4.065796023048121,1.084342039769519,2.375
1641710,2025-04,64,26,0.40625,0.45549663088324377,58.0,64.5604341976115,-6.560434197611501,-10.250678433767971,1.0087567843376797,2.28125
1641712,2025-04,60,26,0.43333333333333335,0.43167441368633686,58.0,59.20853670315642,-1.2085367031564158,-2.014227838594026,0.986808945052607,2.3666666666666667
1641713,2025-03,13,3,0.23076923076923078,0.4858601422496624,7.0,14.753368782005477,-7.753368782005478,-59.64129832311906,1.134874521692729,2.4615384615384617
1641713,2025-04,23,5,0.21739130434782608,0.47377672170649926,12.0,23.659388788686993,-11.659388788686993,-50.692994733421706,1.0286690777689997,2.260869565217391
1641715,2025-03,16,10,0.625,0.5068098901298301,23.0,17.930906655148146,5.069093344851856,31.6818334053241,1.120681665946759,2.3125
1641715,2025-04,43,26,0.6046511627906976,0.4635866898412305,63.0,46.86924727533397,16.13075272466603,37.513378429455884,1.0899824947752086,2.4651162790697674
1641716,2025-03,52,26,0.5,0.4278548547647051,67.0,55.80123996067039,11.19876003932961,21.536076998710787,1.0731007684744305,2.6153846153846154
1641716,2025-04,49,26,0.5306122448979592,0.44203376784827153,65.0,51.79712633556894,13.202873664431062,26.944640131491965,1.0570842109299783,2.489795918367347
1641717,2025-03,59,33,0.559322033898305,0.5064734140325947,77.0,67.27208565764184,9.727914342358156,16.487990410776536,1.1402048416549464,2.3389830508474576
1641717,2025-04,32,16,0.5,0.5036770064789776,34.0,35.97064166594285,-1.9706416659428514,-6.15825520607141,1.124082552060714,2.3125
1641718,2025-03,98,37,0.37755102040816324,0.39619141471219066,90.0,94.7348142785432,-4.7348142785432,-4.831443141370612,0.9666817783524816,2.479591836734694
1641718,2025-04,92,35,0.3804347826086957,0.4106520428482755,88.0,94.2336216251096,-6.233621625109613,-6.77567567946697,1.0242784959251043,2.5652173913043477
1641720,2025-03,61,25,0.4098360655737705,0.3917971257229901,60.0,58.13616363959514,1.8638363604048604,3.0554694432866567,0.9530518629441826,2.5081967213114753
1641720,2025-04,36,11,0.3055555555555556,0.40810547890572135,26.0,34.60231335923754,-8.602313359237543,-23.895314886770954,0.9611753710899317,2.4166666666666665
1641721,2025-03,56,25,0.44642857142857145,0.40624748769868474,63.0,55.271281989999714,7.72871801000029,13.801282160714804,0.986987178392852,2.5
1641721,2025-04,39,16,0.41025641025641024,0.47258713673601604,36.0,43.23505311453131,-7.23505311453131,-18.551418242387978,1.1085911055008029,2.4615384615384617
1641722,2025-03,78,27,0.34615384615384615,0.4074596552914339,69.0,82.26189993745197,-13.261899937451975,-17.002435817246123,1.0546397427878458,2.6666666666666665
1641724,2025-03,12,3,0.25,0.3601752942593734,8.0,11.662502102188439,-3.6625021021884385,-30.52085085157032,0.9718751751823699,2.75
1641724,2025-04,26,14,0.5384615384615384,0.39087351860523306,32.0,24.99212650755084,7.0078734924491615,26.953359586342927,0.9612356349058016,2.576923076923077
1641725,2025-03,3,2,0.6666666666666666,0.35937028691084927,4.0,2.450888096641319,1.5491119033586809,51.637063445289364,0.8169626988804396,2.3333333333333335
1641725,2025-04,12,4,0.3333333333333333,0.39560968664044394,9.0,11.490625515121362,-2.490625515121363,-20.755212626011357,0.9575521262601135,2.5
1641726,2025-04,14,10,0.7142857142857143,0.5880521938664602,20.0,16.465461428260888,3.5345385717391125,25.2467040838508,1.1761043877329205,2.0
1641727,2025-03,25,8,0.32,0.3696149525214645,22.0,25.338070554906608,-3.3380705549066088,-13.352282219626435,1.0135228221962642,2.8
1641727,2025-04,44,18,0.4090909090909091,0.3892681245905383,51.0,45.07217211161815,5.927827888381849,13.472336109958746,1.0243675479913217,2.7045454545454546
1641729,2025-03,77,45,0.5844155844155844,0.3982708745293707,118.0,78.31956947086432,39.68043052913568,51.53302666121517,1.0171372658553808,2.6233766233766236
1641729,2025-04,81,32,0.3950617283950617,0.4005661591052179,89.0,86.555956636305,2.444043363694995,3.0173374860432043,1.0685920572383334,2.728395061728395
1641730,2025-03,50,12,0.24,0.3973091004362415,31.0,51.52765832974067,-20.527658329740664,-41.05531665948133,1.0305531665948133,2.66
1641732,2025-03,49,27,0.5510204081632653,0.4105340520110078,63.0,46.78121785415572,16.21878214584428,33.0995553996822,0.9547187317174637,2.4285714285714284
1641732,2025-04,54,21,0.3888888888888889,0.44317767624021764,45.0,54.12300284791814,-9.123002847918134,-16.894449718366914,1.0022778305170026,2.3333333333333335
1641733,2025-03,119,48,0.40336134453781514,0.4076570387483015,122.0,118.04440293403835,3.9555970659616593,3.3240311478669406,0.9919697725549441,2.495798319327731
1641733,2025-04,38,17,0.4473684210526316,0.3706822030839547,44.0,36.11506600868146,7.88493399131854,20.749826292943528,0.95039647391267,2.6315789473684212
1641734,2025-04,24,11,0.4583333333333333,0.38154400980613284,31.0,24.350783833499822,6.649216166500177,27.705067360417406,1.0146159930624925,2.7916666666666665
1641736,2025-03,8,2,0.25,0.41745689190261814,5.0,7.701289138531438,-2.7012891385314384,-33.76611423164298,0.9626611423164297,2.375
1641736,2025-04,29,11,0.3793103448275862,0.46366327719274536,23.0,29.65033738383979,-6.6503373838397914,-22.932197875309626,1.0224254270289583,2.2758620689655173
1641737,2025-03,34,24,0.7058823529411765,0.7307275344709998,48.0,49.68947234402799,-1.6894723440279915,-4.969036305964681,1.4614550689419996,2.0
1641737,2025-04,62,45,0.7258064516129032,0.6729105395762991,90.0,83.75839987948281,6.241600120517191,10.067096968576115,1.3509419335400452,2.0161290322580645
1641738,2025-03,2,1,0.5,0.3358559156932157,2.0,1.6001529843799673,0.39984701562003255,19.992350781001626,0.8000764921899837,2.5
1641738,2025-04,8,3,0.375,0.3925530576977186,8.0,7.401145724126103,0.598854275873898,7.485678448423724,0.9251432155157628,2.5
1641739,2025-03,79,39,0.4936708860759494,0.4359044961009081,100.0,87.77485615876104,12.225143841238953,15.47486562182146,1.111074128591912,2.632911392405063
1641739,2025-04,72,33,0.4583333333333333,0.4458898335604427,80.0,78.44981937190234,1.5501806280976662,2.1530286501356475,1.0895808246097547,2.5277777777777777
1641740,2025-03,27,17,0.6296296296296297,0.4821049840195653,39.0,29.201288439784555,9.798711560215443,36.291524297094234,1.081529201473502,2.3333333333333335
1641740,2025-04,7,1,0.14285714285714285,0.4779862508094911,2.0,7.036755069955835,-5.036755069955835,-71.95364385651193,1.005250724279405,2.142857142857143
1641741,2025-03,111,41,0.36936936936936937,0.4618115290394075,94.0,121.1503354152971,-27.150335415297107,-24.4597616354028,1.0914444632008748,2.4774774774774775
1641741,2025-04,49,15,0.30612244897959184,0.43931121540013807,34.0,50.36093750645215,-16.360937506452153,-33.3896683805146,1.027774234825554,2.4489795918367347
1641744,2025-03,60,34,0.5666666666666667,0.5563122069875491,70.0,67.67758268407425,2.3224173159257524,3.870695526542921,1.1279597114012376,2.05
1641744,2025-04,35,22,0.6285714285714286,0.5973875477052812,44.0,43.499954903760845,0.500045096239156,1.4287002749690172,1.242855854393167,2.142857142857143
1641745,2025-03,16,4,0.25,0.39333186336156767,10.0,15.788230596139627,-5.788230596139625,-36.17644122587266,0.9867644122587267,2.625
1641745,2025-04,23,8,0.34782608695652173,0.3474955539143138,20.0,21.117159237427657,-1.1171592374276567,-4.85721407577242,0.9181373581490285,2.6956521739130435
1641748,2025-03,5,2,0.4,0.4846398151166598,4.0,5.4987695529233225,-1.4987695529233225,-29.97539105846645,1.0997539105846645,2.4
1641748,2025-04,10,7,0.7,0.5276100885977763,15.0,10.897232810181078,4.1027671898189215,41.02767189818922,1.089723281018108,2.1
1641752,2025-04,8,6,0.75,0.40196784980382977,14.0,7.457545262650368,6.542454737349632,81.7806842168704,0.932193157831296,2.5
1641753,2025-03,3,1,0.3333333333333333,0.4981102841895588,2.0,3.299557482741325,-1.2995574827413252,-43.31858275804417,1.0998524942471084,2.3333333333333335
1641753,2025-04,6,2,0.3333333333333333,0.551312320702513,4.0,6.946247624366153,-2.946247624366153,-49.10412707276922,1.1577079373943588,2.1666666666666665
1641755,2025-03,2,1,0.5,0.4122837252034789,2.0,1.6491349008139158,0.3508650991860841,17.543254959304207,0.8245674504069579,2.0
1641755,2025-04,5,1,0.2,0.3787271620165657,2.0,4.072623487078827,-2.0726234870788267,-41.452469741576536,0.8145246974157654,2.2
1641757,2025-04,3,1,0.3333333333333333,0.4898132223385498,2.0,3.2838514917351107,-1.2838514917351107,-42.79504972450369,1.0946171639117035,2.3333333333333335
1641763,2025-03,29,11,0.3793103448275862,0.4500579706995605,27.0,31.857238510541695,-4.857238510541696,-16.749098312212745,1.0985254658807482,2.5517241379310347
1641763,2025-04,30,16,0.5333333333333333,0.5072379378062064,37.0,35.966460800890545,1.0335391991094567,3.445130663698189,1.1988820266963516,2.5
1641764,2025-03,79,37,0.46835443037974683,0.42262323029408677,96.0,82.8872431053547,13.112756894645305,16.598426448918108,1.0492056089285404,2.5569620253164556
1641764,2025-04,103,52,0.5048543689320388,0.4112266793183529,129.0,103.03213936811606,25.967860631883937,25.211515176586346,1.000312032700156,2.504854368932039
1641767,2025-03,37,10,0.2702702702702703,0.4248554031910361,25.0,41.005264983854396,-16.0052649838544,-43.25747292933622,1.1082504049690378,2.72972972972973
1641767,2025-04,4,2,0.5,0.3750275112395918,6.0,4.500330134875101,1.4996698651248979,37.49174662812245,1.1250825337187753,3.0
1641772,2025-04,24,9,0.375,0.5409076388169786,20.0,28.69100305403334,-8.691003054033343,-36.21251272513893,1.1954584605847225,2.3333333333333335
1641774,2025-03,86,42,0.4883720930232558,0.4535086385873419,96.0,89.81375062732914,6.186249372670863,7.193313224035887,1.0443459375270832,2.383720930232558
1641774,2025-04,59,32,0.5423728813559322,0.4225468260763115,75.0,56.701963130861145,18.298036869138855,31.013621812099757,0.9610502225569686,2.3389830508474576
1641775,2025-03,6,2,0.3333333333333333,0.4423941050232783,4.0,6.3436083364985345,-2.3436083364985345,-39.06013894164224,1.0572680560830892,2.5
1641775,2025-04,13,4,0.3076923076923077,0.347119946224065,10.0,11.790051770115852,-1.7900517701158525,-13.769629000891173,0.906927059239681,2.6923076923076925
1641779,2025-04,3,1,0.3333333333333333,0.2871760750992386,3.0,2.5845846758931477,0.4154153241068521,13.847177470228402,0.8615282252977159,3.0
1641783,2025-03,35,11,0.3142857142857143,0.40129108693653637,27.0,33.7995573040617,-6.799557304061699,-19.427306583033424,0.9657016372589057,2.4857142857142858
1641783,2025-04,32,13,0.40625,0.4009963187302592,31.0,29.763283172125227,1.236716827874772,3.8647400871086623,0.9301025991289134,2.375
1641787,2025-03,3,1,0.3333333333333333,0.45769168725440895,3.0,3.3421609053662156,-0.3421609053662157,-11.40536351220719,1.1140536351220718,2.6666666666666665
1641787,2025-04,53,22,0.41509433962264153,0.4718421398844229,51.0,57.2839627627555,-6.2839627627554995,-11.856533514633018,1.0808294860897265,2.3773584905660377
1641790,2025-03,9,7,0.7777777777777778,0.46506064271085557,16.0,9.370155289688922,6.629844710311078,73.66494122567863,1.0411283655209913,2.3333333333333335
1641794,2025-03,22,10,0.45454545454545453,0.45209080506654103,23.0,22.882038165327494,0.11796183467250587,0.5361901576022995,1.0400926438785225,2.409090909090909
1641794,2025-04,17,9,0.5294117647058824,0.4793862238359054,21.0,18.04478468676811,2.9552153132318892,17.383619489599347,1.0614579227510654,2.2941176470588234
1641796,2025-03,41,19,0.4634146341463415,0.5067481654980125,43.0,46.24162352081498,-3.241623520814984,-7.906398831256059,1.1278444761174387,2.341463414634146
1641796,2025-04,26,10,0.38461538461538464,0.4699542829819784,25.0,29.106340332381535,-4.106340332381537,-15.79361666300591,1.1194746281685206,2.5
1641798,2025-03,48,23,0.4791666666666667,0.46711785087413266,50.0,49.868879605168615,0.13112039483138416,0.27316748923205036,1.0389349917743462,2.3125
1641798,2025-04,16,5,0.3125,0.4319139776224693,11.0,15.5465929548549,-4.546592954854899,-28.416205967843116,0.9716620596784312,2.3125
1641801,2025-04,8,4,0.5,0.5996832041538332,8.0,9.879383225982485,-1.879383225982485,-23.492290324781063,1.2349229032478106,2.125
1641809,2025-04,12,4,0.3333333333333333,0.3400542905095245,12.0,11.246230770753012,0.7537692292469871,6.281410243724893,0.9371858975627511,2.8333333333333335
1641810,2025-03,40,23,0.575,0.4009524571646786,59.0,38.92592148618426,20.07407851381574,50.185196284539344,0.9731480371546064,2.525
1641810,2025-04,95,42,0.4421052631578947,0.4231051347881062,100.0,97.26269194893031,2.7373080510696886,2.88137689586283,1.02381780998874,2.4947368421052634
1641815,2025-03,1,0,0.0,0.3517086601684189,0.0,0.7034173203368379,-0.7034173203368379,-70.3417320336838,0.7034173203368379,2.0
1641815,2025-04,1,0,0.0,0.2766942277873393,0.0,0.830082683362018,-0.830082683362018,-83.0082683362018,0.830082683362018,3.0
1641816,2025-03,20,8,0.4,0.43816381891481504,19.0,21.6354619897044,-2.6354619897043987,-13.177309948521993,1.08177309948522,2.6
1641816,2025-04,21,7,0.3333333333333333,0.42228700510173767,17.0,20.89502422965002,-3.8950242296500197,-18.547734426904857,0.995001153792858,2.4285714285714284
1641817,2025-03,5,4,0.8,0.6622203671612741,8.0,6.622203671612741,1.3777963283872585,27.55592656774517,1.3244407343225482,2.0
1641817,2025-04,1,0,0.0,0.2772886713510006,0.0,0.831866014053002,-0.831866014053002,-83.1866014053002,0.831866014053002,3.0
1641824,2025-03,98,47,0.47959183673469385,0.48361007230675407,116.0,114.25962320980861,1.7403767901913851,1.7758946838687604,1.1659145225490675,2.520408163265306
1641824,2025-04,62,34,0.5483870967741935,0.5079153456536761,82.0,73.40798489606603,8.59201510393398,13.858088877312872,1.1839997563881617,2.4516129032258065
1641842,2025-03,48,32,0.6666666666666666,0.5194275221533254,69.0,54.75880847376635,14.241191526233646,29.66914901298676,1.1408085098701324,2.2916666666666665
1641842,2025-04,26,11,0.4230769230769231,0.46829795632152116,24.0,26.187445093584685,-2.187445093584685,-8.413250359941097,1.007209426676334,2.230769230769231
1641854,2025-03,8,4,0.5,0.44444909968943347,9.0,7.772126544722942,1.2278734552770587,15.348418190963233,0.9715158180903678,2.25
1641854,2025-04,41,18,0.43902439024390244,0.4833911924707997,41.0,43.911694300478345,-2.911694300478346,-7.1016934158008445,1.0710169341580085,2.317073170731707
1641871,2025-03,57,29,0.5087719298245614,0.4805282437319518,70.0,64.8097132977548,5.190286702245206,9.105766144289836,1.1370125139956981,2.473684210526316
1641871,2025-04,11,3,0.2727272727272727,0.3980456510345784,7.0,11.222092061430898,-4.2220920614308985,-38.38265510391726,1.020190187402809,2.6363636363636362
1641878,2025-03,11,4,0.36363636363636365,0.4911211055259251,9.0,11.898748011326967,-2.8987480113269672,-26.352254648426975,1.081704364666088,2.272727272727273
1641878,2025-04,30,7,0.23333333333333334,0.41211514562491225,16.0,28.934006668734817,-12.934006668734815,-43.113355562449385,0.9644668889578273,2.4
1641890,2025-03,4,1,0.25,0.329662385804306,3.0,3.5354265762620276,-0.5354265762620275,-13.385664406550687,0.8838566440655069,2.75
1641890,2025-04,10,6,0.6,0.4014867658626119,16.0,10.263752116930318,5.736247883069681,57.36247883069681,1.0263752116930318,2.7
1641936,2025-04,9,2,0.2222222222222222,0.3361149149266887,6.0,8.059525794143827,-2.059525794143828,-22.88361993493142,0.8955028660159807,2.7777777777777777
1641998,2025-03,3,2,0.6666666666666666,0.5668935059937448,4.0,3.4013610359624686,0.5986389640375314,19.95463213458438,1.1337870119874895,2.0
1641998,2025-04,4,3,0.75,0.5693924322198156,6.0,4.555139457758525,1.4448605422414749,36.121513556036874,1.1387848644396312,2.0
1642024,2025-03,27,13,0.48148148148148145,0.4112087968137089,35.0,30.138001950760096,4.861998049239907,18.007400182370027,1.1162222944725961,2.814814814814815
1642024,2025-04,10,5,0.5,0.3451675208515782,14.0,9.860982205587725,4.139017794412275,41.39017794412275,0.9860982205587725,2.9
1642050,2025-04,2,2,1.0,0.4460785297929605,5.0,2.116386358616434,2.8836136413835654,144.18068206917826,1.058193179308217,2.5
1642258,2025-03,105,56,0.5333333333333333,0.5192090705372514,131.0,128.94833231081836,2.051667689181633,1.9539692277920313,1.2280793553411273,2.4952380952380953
1642258,2025-04,87,44,0.5057471264367817,0.4903789756935801,103.0,100.09052911109515,2.9094708889048544,3.3442194125343154,1.1504658518516684,2.4367816091954024
1642259,2025-03,163,67,0.4110429447852761,0.4581762902032224,156.0,173.58301862830763,-17.58301862830763,-10.787127992826766,1.0649264946521941,2.4049079754601226
1642259,2025-04,94,36,0.3829787234042553,0.4090319457195994,80.0,89.70052312677952,-9.700523126779514,-10.31970545402076,0.9542608843274416,2.382978723404255
1642261,2025-03,76,32,0.42105263157894735,0.45543094522805666,82.0,85.27494582529737,-3.274945825297365,-4.309139243812322,1.1220387608591758,2.5789473684210527
1642261,2025-04,40,19,0.475,0.404648100066254,48.0,39.67468905328855,8.325310946711449,20.81327736677862,0.9918672263322138,2.55
1642262,2025-03,60,15,0.25,0.3970203630429449,36.0,61.36119692975893,-25.36119692975893,-42.268661549598214,1.0226866154959822,2.6166666666666667
1642263,2025-03,3,2,0.6666666666666666,0.36189957329571065,6.0,3.257096159661396,2.742903840338604,91.4301280112868,1.085698719887132,3.0
1642263,2025-04,40,17,0.425,0.38146177592268987,49.0,40.29776591581136,8.702234084188639,21.755585210471597,1.007444147895284,2.7
1642264,2025-03,156,66,0.4230769230769231,0.5072537967404903,146.0,176.19685762200606,-30.196857622006064,-19.35696001410645,1.1294670360385004,2.3076923076923075
1642264,2025-04,112,51,0.45535714285714285,0.4680157125293813,112.0,116.82932446885462,-4.829324468854618,-4.311896847191623,1.0431189684719162,2.3035714285714284
1642265,2025-03,8,3,0.375,0.4338329289143726,6.0,7.980363322495324,-1.9803633224953239,-24.75454153119155,0.9975454153119155,2.375
1642265,2025-04,3,1,0.3333333333333333,0.39344805551441153,2.0,2.6332992666847304,-0.63329926668473,-21.109975556157668,0.8777664222282434,2.3333333333333335
1642266,2025-03,45,15,0.3333333333333333,0.4765577783181048,39.0,51.46282552283918,-12.46282552283918,-27.695167828531513,1.143618344951982,2.511111111111111
1642266,2025-04,39,19,0.48717948717948717,0.44453828033327897,50.0,42.78115710598821,7.218842894011792,18.509853574389208,1.0969527463073898,2.5641025641025643
1642267,2025-03,90,31,0.34444444444444444,0.40908484293604513,72.0,89.13690573521302,-17.13690573521302,-19.04100637245891,0.9904100637245891,2.477777777777778
1642267,2025-04,105,46,0.4380952380952381,0.40170458868673425,114.0,103.74732510500922,10.25267489499077,9.76445228094359,0.9880697629048497,2.533333333333333
1642268,2025-03,98,45,0.45918367346938777,0.4369774698891411,98.0,94.17356778817928,3.826432211820714,3.904522665123177,0.9609547733487682,2.2551020408163267
1642268,2025-04,40,18,0.45,0.4786232055424617,39.0,42.7928619554861,-3.792861955486102,-9.482154888715256,1.0698215488871525,2.325
1642269,2025-03,21,9,0.42857142857142855,0.4175527259425419,21.0,21.421814055661383,-0.42181405566138486,-2.008638360292309,1.020086383602923,2.5714285714285716
1642269,2025-04,29,9,0.3103448275862069,0.3919403269246477,22.0,26.201902974139998,-4.201902974139998,-14.489320600482749,0.90351389566,2.3793103448275863
1642270,2025-03,38,18,0.47368421052631576,0.5266800984404171,39.0,42.755343623903244,-3.755343623903241,-9.882483220798003,1.1251406216816644,2.210526315789474
1642270,2025-04,56,30,0.5357142857142857,0.5290158450394672,63.0,62.96590191780271,0.03409808219728583,0.06088943249515326,1.1243911056750484,2.1964285714285716
1642271,2025-03,99,51,0.5151515151515151,0.4313842984381874,122.0,104.64920823524666,17.350791764753335,17.526052287629632,1.057062709446936,2.5353535353535355
1642271,2025-04,82,35,0.4268292682926829,0.45439883351666577,75.0,85.79675187892809,-10.796751878928093,-13.166770584058652,1.04630185218205,2.3780487804878048
1642273,2025-03,44,19,0.4318181818181818,0.45681334080225944,45.0,47.12697741932102,-2.126977419321025,-4.8340395893659664,1.0710676686209324,2.4545454545454546
1642273,2025-04,33,14,0.42424242424242425,0.42150608816078317,35.0,34.69165319508574,0.30834680491426036,0.9343842573159405,1.0512622180329012,2.6363636363636362
1642274,2025-03,43,23,0.5348837209302325,0.609501938317096,46.0,52.41716669527026,-6.417166695270258,-14.923643477372694,1.2190038766341922,2.0
1642274,2025-04,35,21,0.6,0.5838553783858574,42.0,40.86987648701002,1.1301235129899838,3.2289243228285254,1.1677107567717149,2.0
1642275,2025-03,28,14,0.5,0.46904243831340686,33.0,31.428303123623838,1.5716968763761627,5.613203129914867,1.12243939727228,2.5357142857142856
1642275,2025-04,63,19,0.30158730158730157,0.4170062438700251,47.0,65.95237375670843,-18.95237375670842,-30.083132947156223,1.0468630755033084,2.6031746031746033
1642276,2025-03,84,55,0.6547619047619048,0.5700168427386555,115.0,101.85239682380174,13.147603176198267,15.651908543093175,1.2125285336166873,2.2142857142857144
1642276,2025-04,69,35,0.5072463768115942,0.5585020366631178,73.0,80.5912535036678,-7.591253503667794,-11.00181667198231,1.1679891812125769,2.1449275362318843
1642277,2025-03,1,1,1.0,0.3337678534732081,3.0,1.0013035604196243,1.998696439580376,199.86964395803759,1.0013035604196243,3.0
1642277,2025-04,28,11,0.39285714285714285,0.45147072462791277,25.0,29.60209622801618,-4.602096228016181,-16.436057957200646,1.0572177224291492,2.4642857142857144
1642278,2025-03,18,6,0.3333333333333333,0.4503092021550882,13.0,18.60245409557213,-5.6024540955721305,-31.124744975400727,1.0334696719762295,2.388888888888889
1642278,2025-04,15,3,0.2,0.37241856590099137,8.0,14.562473766823183,-6.562473766823184,-43.74982511215456,0.9708315844548789,2.6666666666666665
1642280,2025-04,2,0,0.0,0.3663068426259565,0.0,1.465227370503826,-1.465227370503826,-73.2613685251913,0.732613685251913,2.0
1642281,2025-03,4,0,0.0,0.4025753913318887,0.0,4.191376661607843,-4.191376661607843,-104.78441654019608,1.0478441654019608,2.75
1642281,2025-04,43,17,0.3953488372093023,0.4673650331707728,40.0,45.753627658195605,-5.753627658195604,-13.380529437664194,1.0640378525161769,2.372093023255814
1642285,2025-03,18,6,0.3333333333333333,0.3744714083183446,16.0,18.009920010278762,-2.00992001027876,-11.166222279326446,1.0005511116821535,2.7222222222222223
1642285,2025-04,24,10,0.4166666666666667,0.38020455857783997,26.0,23.603352087658255,2.396647912341744,9.986032968090601,0.9834730036524273,2.6666666666666665
1642345,2025-03,37,23,0.6216216216216216,0.5390852615982646,46.0,39.89230935827158,6.107690641728415,16.507272004671393,1.0781705231965293,2.0
1642345,2025-04,38,24,0.631578947368421,0.5145558790698976,48.0,39.10624680931222,8.893753190687782,23.40461365970469,1.0291117581397953,2.0
1642346,2025-03,88,40,0.45454545454545453,0.4203059543970214,98.0,92.57568106438117,5.424318935618826,6.163998790475939,1.0519963757316042,2.5681818181818183
1642346,2025-04,75,30,0.4,0.44341075473933633,73.0,83.65710351129285,-10.65710351129285,-14.209471348390466,1.115428046817238,2.6133333333333333
1642347,2025-03,91,37,0.4065934065934066,0.4221138046754018,89.0,92.93289325050439,-3.9328932505043905,-4.32186071483999,1.0212405851703779,2.4945054945054945
1642347,2025-04,66,22,0.3333333333333333,0.4517134665984547,52.0,69.9985186051861,-17.998518605186103,-27.270482735130457,1.0605836152300925,2.4242424242424243
1642348,2025-03,131,63,0.48091603053435117,0.4827549071369823,149.0,147.00326503948148,1.9967349605185212,1.5242251607011612,1.1221623285456601,2.4122137404580153
1642348,2025-04,21,8,0.38095238095238093,0.46340697838988404,18.0,22.770964514599623,-4.770964514599623,-22.718878640950585,1.084331643552363,2.4285714285714284
1642349,2025-04,18,7,0.3888888888888889,0.43087120587425787,15.0,18.734611921775517,-3.734611921775517,-20.747844009863982,1.0408117734319733,2.5
1642352,2025-04,14,11,0.7857142857142857,0.5542763110228958,24.0,16.437450706879773,7.5625492931202265,54.01820923657304,1.1741036219199839,2.2142857142857144
1642353,2025-03,3,1,0.3333333333333333,0.4711071095288872,2.0,3.445054932671523,-1.445054932671523,-48.16849775571743,1.148351644223841,2.6666666666666665
1642353,2025-04,9,2,0.2222222222222222,0.4754605045769698,4.0,9.5459277349675,-5.545927734967498,-61.62141927741664,1.060658637218611,2.3333333333333335
1642354,2025-03,51,17,0.3333333333333333,0.4253528037259292,43.0,52.49615098769513,-9.496150987695133,-18.619903897441436,1.029336293876375,2.5098039215686274
1642354,2025-04,74,28,0.3783783783783784,0.4222677315790081,64.0,73.11600479895901,-9.11600479895901,-12.31892540399866,0.9880541189048515,2.4054054054054053
1642355,2025-03,21,9,0.42857142857142855,0.39186409989585275,22.0,21.050387912057744,0.9496120879422544,4.521962323534544,1.002399424383702,2.619047619047619
1642355,2025-04,15,4,0.26666666666666666,0.4121814401072649,10.0,13.720689007143264,-3.7206890071432652,-24.8045933809551,0.9147126004762176,2.2666666666666666
1642358,2025-03,93,39,0.41935483870967744,0.4569203500155157,90.0,99.1782569313874,-9.178256931387397,-9.869093474610104,1.066432870229972,2.4408602150537635
1642358,2025-04,85,30,0.35294117647058826,0.46693924335639325,68.0,91.18187449924159,-23.18187449924159,-27.272793528519518,1.072727935285195,2.411764705882353
1642359,2025-03,1,0,0.0,0.3044867870018297,0.0,0.913460361005489,-0.913460361005489,-91.3460361005489,0.913460361005489,3.0
1642359,2025-04,3,1,0.3333333333333333,0.5605894591286645,2.0,3.7351450576345138,-1.7351450576345138,-57.83816858781713,1.245048352544838,2.3333333333333335
1642366,2025-03,65,31,0.47692307692307695,0.41352592502950686,84.0,72.86903446468062,11.130965535319378,17.124562362029813,1.1210620686873942,2.8
1642366,2025-04,27,9,0.3333333333333333,0.3925378932934368,24.0,28.068658225598735,-4.068658225598735,-15.069104539254575,1.0395799342814347,2.7037037037037037
1642367,2025-03,54,22,0.4074074074074074,0.517098275559402,46.0,58.68405686366867,-12.684056863668673,-23.488994191979025,1.0867417937716422,2.1666666666666665
1642367,2025-04,78,33,0.4230769230769231,0.5530600479601973,67.0,91.19268650930155,-24.19268650930155,-31.016264755514804,1.169137006529507,2.1794871794871793
1642368,2025-04,7,6,0.8571428571428571,0.7249746097340456,12.0,10.149644536276638,1.8503554637233628,26.433649481762327,1.4499492194680912,2.0
1642377,2025-03,68,25,0.36764705882352944,0.4341195298833022,62.0,74.18366297354969,-12.183662973549689,-17.91715143169072,1.09093622019926,2.588235294117647
1642377,2025-04,24,9,0.375,0.44020398315292514,22.0,27.282057293220497,-5.282057293220495,-22.008572055085395,1.1367523872175207,2.6666666666666665
1642382,2025-03,22,9,0.4090909090909091,0.43275777405805305,23.0,24.735255324426,-1.7352553244260012,-7.887524201936369,1.124329787473909,2.727272727272727
1642382,2025-04,32,15,0.46875,0.4492075464687087,33.0,34.06223291363516,-1.0622329136351534,-3.3194778551098545,1.0644447785510986,2.5
1642384,2025-03,3,0,0.0,0.39853483318436594,0.0,2.984054869754546,-2.984054869754546,-99.46849565848487,0.9946849565848487,2.6666666666666665
1642402,2025-04,12,4,0.3333333333333333,0.5549520179778837,8.0,14.827951919997215,-6.827951919997215,-56.89959933331012,1.235662659999768,2.3333333333333335
1642403,2025-03,9,7,0.7777777777777778,0.5591626488511924,14.0,10.064927679321464,3.935072320678537,43.72302578531708,1.118325297702385,2.0
1642403,2025-04,8,3,0.375,0.5261520050878096,7.0,9.132754774936814,-2.132754774936814,-26.659434686710178,1.1415943468671017,2.25
1642419,2025-03,84,30,0.35714285714285715,0.39712071342688793,82.0,89.38858143782929,-7.3885814378292825,-8.795930283130097,1.0641497790217773,2.7261904761904763
1642419,2025-04,66,30,0.45454545454545453,0.431446168729658,81.0,75.36432847326297,5.6356715267370285,8.538896252631861,1.1418837647464086,2.742424242424242
1642443,2025-04,5,4,0.8,0.4441856018814348,9.0,5.015457334868633,3.984542665131367,79.69085330262735,1.0030914669737265,2.4
1642449,2025-04,9,6,0.6666666666666666,0.6864791771791526,12.0,12.356625189224745,-0.3566251892247465,-3.9625021024971834,1.372958354358305,2.0
1642450,2025-03,2,2,1.0,0.5108496813123674,5.0,2.3474017178502042,2.6525982821497958,132.62991410748978,1.1737008589251021,2.5
1642450,2025-04,4,1,0.25,0.5332855871923959,2.0,4.958528661965736,-2.958528661965736,-73.9632165491434,1.239632165491434,2.5
1642461,2025-03,15,7,0.4666666666666667,0.43553736104165186,14.0,15.124188160248007,-1.1241881602480062,-7.494587734986707,1.0082792106832004,2.4
1642461,2025-04,8,2,0.25,0.4058836336987046,4.0,7.924131027665699,-3.924131027665699,-49.05163784582124,0.9905163784582124,2.5
1642484,2025-04,23,9,0.391304347826087,0.3525800518068003,23.0,20.53531941810373,2.464680581896271,10.716002529983788,0.8928399747001621,2.608695652173913
1642505,2025-03,3,2,0.6666666666666666,0.41876607506532165,6.0,3.261583209358011,2.7384167906419887,91.28055968806629,1.087194403119337,2.6666666666666665
1642505,2025-04,5,2,0.4,0.3692903537239305,5.0,4.727471166277339,0.272528833722661,5.45057667445322,0.9454942332554678,2.6
1642530,2025-04,8,3,0.375,0.3131032508170701,9.0,7.150018531912466,1.8499814680875335,23.12476835109417,0.8937523164890583,2.875
